Recebe Recursos PDDE,Recebe PDDE acima de 10mil,Possui alunos com nota 600 no ultimo enem?,A renda m√©dia das familias aumentou no ultimo ano?,Tem potencial?
1,1,1,1,1
1,0,1,1,1
1,0,1,0,1
1,0,1,0,1
1,0,1,0,0
1,1,1,1,0
1,1,1,1,1
1,1,0,1,1
1,1,0,1,1
1,1,0,1,0
0,0,0,1,0
0,0,0,1,0
0,0,0,1,0
0,0,0,1,0
0,0,0,0,0
0,0,0,0,1
0,0,0,0,1
0,0,0,0,1
0,0,0,0,1
0,0,0,0,1
0,0,0,0,0
0,0,0,0,1
0,0,1,1,1
0,0,1,1,1
1,0,1,1,1
1,0,1,1,1
1,1,1,1,1
1,0,1,1,1
1,0,0,0,1
1,0,0,0,0
1,0,1,1,1
1,0,1,1,1
1,1,1,1,1
1,0,1,1,1
1,0,0,0,1
1,0,0,0,0
0,0,0,1,0
0,0,0,1,0
0,0,0,1,0
0,0,0,1,0
0,0,0,0,0
0,0,0,0,1
0,0,0,0,1
0,0,0,0,1
0,0,0,0,1
1,1,1,1,1
1,0,1,1,1
1,0,1,0,1
1,0,1,0,1
1,0,1,0,0
1,1,1,1,0
1,1,1,1,1
1,1,0,1,1
1,1,0,1,1
1,1,0,1,0
0,0,0,1,0
0,0,0,1,0
0,0,0,1,0
0,0,0,1,0
1,1,0,1,1
1,1,0,1,1
1,1,0,1,0
0,0,0,1,0