Ano,Programa,Região,UF,Município,Entidade Executora - EEx,Cnpj EEx,Situação Prestação de Contas EEx,Suspensão de Pagamento EEx,Nome da Escola,Código da Escola,CNPJ da Executora,Situação Prestação de Contas UEx,Suspensão de Pagamento UEx,Valor Total Previsto
2018,PDDE,NORDESTE,PE,RECIFE,SECRETARIA DE EDUCACAO E ESPORTES,'10572071000112,Adimplente,NAO,CENTRO DE EDUCACAO DE JOVENS E ADULTOS POETA JOAQUIM CARDOZO,26117916,3304307000174,Adimplente,NAO,15240
2018,PDDE,NORDESTE,PE,RECIFE,SECRETARIA DE EDUCACAO E ESPORTES,'10572071000112,Adimplente,NAO,CENTRO DE EDUCACAO DE JOVENS E ADULTOS VALDEMAR DE OLIVEIRA,26121824,8175098000120,Adimplente,NAO,20420
2018,PDDE,NORDESTE,PE,RECIFE,PREF MUN DE RECIFE,'10565000000192,Adimplente,NAO,CMEI ANA ROSA FALCAO DE CARVALHO,26122022,38158433000142,Adimplente,NAO,3840
2018,PDDE,NORDESTE,PE,RECIFE,PREF MUN DE RECIFE,'10565000000192,Adimplente,NAO,CMEI BRASILIA TEIMOSA,26153122,12674922000163,Adimplente,NAO,3440
2018,PDDE,NORDESTE,PE,RECIFE,PREF MUN DE RECIFE,'10565000000192,Adimplente,NAO,CMEI CREUSA ARCOVERDE DE FREITAS CAVALCANTI -,26149800,20691670000109,Bloqueio CODDE,NAO,2820
2018,PDDE,NORDESTE,PE,RECIFE,PREF MUN DE RECIFE,'10565000000192,Adimplente,NAO,CMEI ESTRELA DA MANHA,26212609,12444954000172,Adimplente,NAO,2600
2018,PDDE,NORDESTE,PE,RECIFE,SECRETARIA DE EDUCACAO E ESPORTES,'10572071000112,Adimplente,NAO,COLEGIO DA POLICIA MILITAR DE PERNAMBUCO,26122120,3808619000115,Adimplente,NAO,27020
2018,PDDE,NORDESTE,PE,RECIFE,PREF MUN DE RECIFE,'10565000000192,Adimplente,NAO,CRECHE MUNICIPAL DEUS E AMOR-,26153319,11270973000167,Bloqueio CODDE,NAO,2600
2018,PDDE,NORDESTE,PE,RECIFE,PREF MUN DE RECIFE,'10565000000192,Adimplente,NAO,CRECHE MUNICIPAL E LUTANDO QUE SE CONQUISTA,26153408,12520000000100,Bloqueio CODDE,NAO,2840
2018,PDDE,NORDESTE,PE,RECIFE,PREF MUN DE RECIFE,'10565000000192,Adimplente,NAO,CRECHE MUNICIPAL SANTA LUZIA,26153335,13829233000143,Bloqueio CODDE,NAO,2580
2018,PDDE,NORDESTE,PE,RECIFE,PREF MUN DE RECIFE,'10565000000192,Adimplente,NAO,CRECHE MUNICIPAL SAO JOAO,26149923,36760137000191,Adimplente,NAO,2400
2018,PDDE,NORDESTE,PE,RECIFE,PREF MUN DE RECIFE,'10565000000192,Adimplente,NAO,CRECHE MUNICIPAL SITIO GRANDE,26170728,11356855000176,Bloqueio CODDE,NAO,2740
2018,PDDE,NORDESTE,PE,RECIFE,PREF MUN DE RECIFE,'10565000000192,Adimplente,NAO,CRECHE MUNICIPAL VILA IMPERIAL,26181274,39594937000178,Adimplente,NAO,2540
2018,PDDE,NORDESTE,PE,RECIFE,PREF MUN DE RECIFE,'10565000000192,Adimplente,NAO,CRECHE MUNICIPAL ZACARIAS DO REGO MACIEL,26149834,18691695000160,Adimplente,NAO,4260
2018,PDDE,NORDESTE,PE,RECIFE,SECRETARIA DE EDUCACAO E ESPORTES,'10572071000112,Adimplente,NAO,ESCOLA ALBERTO TORRES,26123479,3304288000186,Adimplente,NAO,22420
2018,PDDE,NORDESTE,PE,RECIFE,SECRETARIA DE EDUCACAO E ESPORTES,'10572071000112,Adimplente,NAO,ESCOLA ANA MALTA DA COSTA AZEVEDO,26125986,6251416000169,Adimplente,NAO,8140
2018,PDDE,NORDESTE,PE,RECIFE,SECRETARIA DE EDUCACAO E ESPORTES,'10572071000112,Adimplente,NAO,ESCOLA ASSIS CHATEAUBRIAND,26124440,3835027000192,Adimplente,NAO,17280
2018,PDDE,NORDESTE,PE,RECIFE,SECRETARIA DE EDUCACAO E ESPORTES,'10572071000112,Adimplente,NAO,ESCOLA BARAO DO BONITO,26123720,3304379000111,Adimplente,NAO,11540
2018,PDDE,NORDESTE,PE,RECIFE,SECRETARIA DE EDUCACAO E ESPORTES,'10572071000112,Adimplente,NAO,ESCOLA BARROS CARVALHO,26127571,6318432000121,Adimplente,NAO,20220
2018,PDDE,NORDESTE,PE,RECIFE,SECRETARIA DE EDUCACAO E ESPORTES,'10572071000112,Adimplente,NAO,ESCOLA BRIGADEIRO EDUARDO GOMES - RECIFE,26124475,7091083000110,Adimplente,NAO,32860
2018,PDDE,NORDESTE,PE,RECIFE,SECRETARIA DE EDUCACAO E ESPORTES,'10572071000112,Adimplente,NAO,ESCOLA CAIC CREUSA BARRETO DORNELAS CAMARA,26123150,5962046000105,Adimplente,NAO,9180
2018,PDDE,NORDESTE,PE,RECIFE,SECRETARIA DE EDUCACAO E ESPORTES,'10572071000112,Adimplente,NAO,ESCOLA CAIO PEREIRA,26126010,3293306000171,Adimplente,NAO,27980
2018,PDDE,NORDESTE,PE,RECIFE,SECRETARIA DE EDUCACAO E ESPORTES,'10572071000112,Adimplente,NAO,ESCOLA CARLOS ALBERTO GONCALVES DE ALMEIDA,26127270,6636297000162,Adimplente,NAO,9820
2018,PDDE,NORDESTE,PE,RECIFE,SECRETARIA DE EDUCACAO E ESPORTES,'10572071000112,Adimplente,NAO,ESCOLA CARMELA DUTRA,26122987,5463251000126,Adimplente,NAO,9980
2018,PDDE,NORDESTE,PE,RECIFE,SECRETARIA DE EDUCACAO E ESPORTES,'10572071000112,Adimplente,NAO,ESCOLA COMANDANTE LUIZ GOMES,26126559,8165140000121,Adimplente,NAO,19220
2018,PDDE,NORDESTE,PE,RECIFE,SECRETARIA DE EDUCACAO E ESPORTES,'10572071000112,Adimplente,NAO,ESCOLA CONEGO ROCHAEL DE MEDEIROS,26121867,3269000000180,Adimplente,NAO,19260
2018,PDDE,NORDESTE,PE,RECIFE,SECRETARIA DE EDUCACAO E ESPORTES,'10572071000112,Adimplente,NAO,ESCOLA CORONEL OTHON,26126052,3219846000105,Adimplente,NAO,23740
2018,PDDE,NORDESTE,PE,RECIFE,SECRETARIA DE EDUCACAO E ESPORTES,'10572071000112,Adimplente,NAO,ESCOLA DE APLICACAO DO RECIFE - FCAP UPE,26119730,35845191000177,Adimplente,NAO,5760
2018,PDDE,NORDESTE,PE,RECIFE,SECRETARIA DE EDUCACAO E ESPORTES,'10572071000112,Adimplente,NAO,ESCOLA DE REFERENCIA EM ENSINO MEDIO AGEU MAGALHAES,26126079,3269980000110,Adimplente,NAO,7320
2018,PDDE,NORDESTE,PE,RECIFE,SECRETARIA DE EDUCACAO E ESPORTES,'10572071000112,Adimplente,NAO,ESCOLA DE REFERENCIA EM ENSINO MEDIO ALVARO LINS,26125978,3363607000124,Adimplente,NAO,17280
2018,PDDE,NORDESTE,PE,RECIFE,SECRETARIA DE EDUCACAO E ESPORTES,'10572071000112,Adimplente,NAO,ESCOLA DE REFERENCIA EM ENSINO MEDIO AMAURY DE MEDEIROS,26122847,4528250000150,Adimplente,NAO,17300
2018,PDDE,NORDESTE,PE,RECIFE,SECRETARIA DE EDUCACAO E ESPORTES,'10572071000112,Adimplente,NAO,ESCOLA DE REFERENCIA EM ENSINO MEDIO ANIBAL FALCAO,26123703,3402274000103,Adimplente,NAO,9200
2018,PDDE,NORDESTE,PE,RECIFE,SECRETARIA DE EDUCACAO E ESPORTES,'10572071000112,Adimplente,NAO,ESCOLA DE REFERENCIA EM ENSINO MEDIO ANIBAL FERNANDES,26121859,3225763000129,Adimplente,NAO,9480
2018,PDDE,NORDESTE,PE,RECIFE,SECRETARIA DE EDUCACAO E ESPORTES,'10572071000112,Adimplente,NAO,ESCOLA DE REFERENCIA EM ENSINO MEDIO APOLONIO SALES,26124432,3304413000158,Adimplente,NAO,14760
2018,PDDE,NORDESTE,PE,RECIFE,SECRETARIA DE EDUCACAO E ESPORTES,'10572071000112,Adimplente,NAO,ESCOLA DE REFERENCIA EM ENSINO MEDIO CLOTILDE DE OLIVEIRA,26126044,3225769000104,Adimplente,NAO,20100
2018,PDDE,NORDESTE,PE,RECIFE,SECRETARIA DE EDUCACAO E ESPORTES,'10572071000112,Adimplente,NAO,ESCOLA DE REFERENCIA EM ENSINO MEDIO CLOVIS BEVILAQUA,26122510,3290660000142,Adimplente,NAO,15540
2018,PDDE,NORDESTE,PE,RECIFE,SECRETARIA DE EDUCACAO E ESPORTES,'10572071000112,Adimplente,NAO,ESCOLA DE REFERENCIA EM ENSINO MEDIO DE BEBERIBE,26128101,3299285000100,Adimplente,NAO,7900
2018,PDDE,NORDESTE,PE,RECIFE,SECRETARIA DE EDUCACAO E ESPORTES,'10572071000112,Adimplente,NAO,ESCOLA DE REFERENCIA EM ENSINO MEDIO DIARIO DE PERNAMBUCO,26127300,4459643000159,Bloqueio CODDE,NAO,10640
2018,PDDE,NORDESTE,PE,RECIFE,SECRETARIA DE EDUCACAO E ESPORTES,'10572071000112,Adimplente,NAO,ESCOLA DE REFERENCIA EM ENSINO MEDIO DOM SEBASTIAO LEME,26124785,3304432000184,Adimplente,NAO,20700
2018,PDDE,NORDESTE,PE,RECIFE,SECRETARIA DE EDUCACAO E ESPORTES,'10572071000112,Adimplente,NAO,ESCOLA DE REFERENCIA EM ENSINO MEDIO DOM VITAL,26126133,5150737000104,Adimplente,NAO,10240
2018,PDDE,NORDESTE,PE,RECIFE,SECRETARIA DE EDUCACAO E ESPORTES,'10572071000112,Adimplente,NAO,ESCOLA DE REFERENCIA EM ENSINO MEDIO ENGENHEIRO LAURO DINIZ,26124602,3770836000163,Adimplente,NAO,14200
2018,PDDE,NORDESTE,PE,RECIFE,SECRETARIA DE EDUCACAO E ESPORTES,'10572071000112,Adimplente,NAO,ESCOLA DE REFERENCIA EM ENSINO MEDIO GINASIO PERNAMBUCANO -,26121751,8080404000144,Adimplente,NAO,18180
2018,PDDE,NORDESTE,PE,RECIFE,SECRETARIA DE EDUCACAO E ESPORTES,'10572071000112,Adimplente,NAO,ESCOLA DE REFERENCIA EM ENSINO MEDIO GINASIO PERNAMBUCANO -,26172712,12550102000160,Adimplente,NAO,13880
2018,PDDE,NORDESTE,PE,RECIFE,SECRETARIA DE EDUCACAO E ESPORTES,'10572071000112,Adimplente,NAO,ESCOLA DE REFERENCIA EM ENSINO MEDIO JARBAS PERNAMBUCANO,26128195,3253761000143,Adimplente,NAO,5320
2018,PDDE,NORDESTE,PE,RECIFE,SECRETARIA DE EDUCACAO E ESPORTES,'10572071000112,Adimplente,NAO,ESCOLA DE REFERENCIA EM ENSINO MEDIO JOAO BEZERRA,26125048,3304504000193,Adimplente,NAO,18440
2018,PDDE,NORDESTE,PE,RECIFE,SECRETARIA DE EDUCACAO E ESPORTES,'10572071000112,Adimplente,NAO,ESCOLA DE REFERENCIA EM ENSINO MEDIO JOAQUIM NABUCO,26121247,3402204000147,Adimplente,NAO,10620
2018,PDDE,NORDESTE,PE,RECIFE,SECRETARIA DE EDUCACAO E ESPORTES,'10572071000112,Adimplente,NAO,ESCOLA DE REFERENCIA EM ENSINO MEDIO JOAQUIM TAVORA,26123282,6015634000102,Adimplente,NAO,12520
2018,PDDE,NORDESTE,PE,RECIFE,SECRETARIA DE EDUCACAO E ESPORTES,'10572071000112,Adimplente,NAO,ESCOLA DE REFERENCIA EM ENSINO MEDIO JORNALISTA TRAJANO CHAC,26127334,4117831000107,Adimplente,NAO,14300
2018,PDDE,NORDESTE,PE,RECIFE,SECRETARIA DE EDUCACAO E ESPORTES,'10572071000112,Adimplente,NAO,ESCOLA DE REFERENCIA EM ENSINO MEDIO JOSE VILELA,26125641,3516393000189,Adimplente,NAO,4380
2018,PDDE,NORDESTE,PE,RECIFE,SECRETARIA DE EDUCACAO E ESPORTES,'10572071000112,Adimplente,NAO,ESCOLA DE REFERENCIA EM ENSINO MEDIO LAGOA ENCANTADA,26124653,3643613000135,Adimplente,NAO,24600
2018,PDDE,NORDESTE,PE,RECIFE,SECRETARIA DE EDUCACAO E ESPORTES,'10572071000112,Adimplente,NAO,ESCOLA DE REFERENCIA EM ENSINO MEDIO MARIA RITA DA SILVA LES,26124696,8017995000105,Adimplente,NAO,9480
2018,PDDE,NORDESTE,PE,RECIFE,SECRETARIA DE EDUCACAO E ESPORTES,'10572071000112,Adimplente,NAO,ESCOLA DE REFERENCIA EM ENSINO MEDIO MARIANO TEIXEIRA,26123819,7837553000142,Adimplente,NAO,15920
2018,PDDE,NORDESTE,PE,RECIFE,SECRETARIA DE EDUCACAO E ESPORTES,'10572071000112,Adimplente,NAO,ESCOLA DE REFERENCIA EM ENSINO MEDIO MARTINS JUNIOR,26123258,8007603000127,Adimplente,NAO,10680
2018,PDDE,NORDESTE,PE,RECIFE,SECRETARIA DE EDUCACAO E ESPORTES,'10572071000112,Adimplente,NAO,ESCOLA DE REFERENCIA EM ENSINO MEDIO NOBREGA,26179610,19042461000155,Adimplente,NAO,10700
2018,PDDE,NORDESTE,PE,RECIFE,SECRETARIA DE EDUCACAO E ESPORTES,'10572071000112,Adimplente,NAO,ESCOLA DE REFERENCIA EM ENSINO MEDIO OLINTO VICTOR,26127415,3304766000158,Adimplente,NAO,7780
2018,PDDE,NORDESTE,PE,RECIFE,SECRETARIA DE EDUCACAO E ESPORTES,'10572071000112,Adimplente,NAO,ESCOLA DE REFERENCIA EM ENSINO MEDIO OLIVEIRA LIMA,26121654,8201467000101,Adimplente,NAO,9760
2018,PDDE,NORDESTE,PE,RECIFE,SECRETARIA DE EDUCACAO E ESPORTES,'10572071000112,Adimplente,NAO,ESCOLA DE REFERENCIA EM ENSINO MEDIO OTHON PARAISO,26122839,3811212000147,Adimplente,NAO,11920
2018,PDDE,NORDESTE,PE,RECIFE,SECRETARIA DE EDUCACAO E ESPORTES,'10572071000112,Adimplente,NAO,ESCOLA DE REFERENCIA EM ENSINO MEDIO PADRE MACHADO,26126109,3220483000128,Adimplente,NAO,9340
2018,PDDE,NORDESTE,PE,RECIFE,SECRETARIA DE EDUCACAO E ESPORTES,'10572071000112,Adimplente,NAO,ESCOLA DE REFERENCIA EM ENSINO MEDIO PADRE NERCIO RODRIGUES,26128403,3213757000151,Adimplente,NAO,7300
2018,PDDE,NORDESTE,PE,RECIFE,SECRETARIA DE EDUCACAO E ESPORTES,'10572071000112,Adimplente,NAO,ESCOLA DE REFERENCIA EM ENSINO MEDIO PORTO DIGITAL,26179857,12584578000111,Adimplente,NAO,8040
2018,PDDE,NORDESTE,PE,RECIFE,SECRETARIA DE EDUCACAO E ESPORTES,'10572071000112,Adimplente,NAO,ESCOLA DE REFERENCIA EM ENSINO MEDIO PROFESSOR ALFREDO FREYR,26128497,3219835000125,Adimplente,NAO,13560
2018,PDDE,NORDESTE,PE,RECIFE,SECRETARIA DE EDUCACAO E ESPORTES,'10572071000112,Adimplente,NAO,ESCOLA DE REFERENCIA EM ENSINO MEDIO PROFESSOR CANDIDO DUART,26125757,3205467000166,Adimplente,NAO,6400
2018,PDDE,NORDESTE,PE,RECIFE,SECRETARIA DE EDUCACAO E ESPORTES,'10572071000112,Adimplente,NAO,ESCOLA DE REFERENCIA EM ENSINO MEDIO PROFESSOR FERNANDO MOTA,26125250,3304299000166,Adimplente,NAO,24640
2018,PDDE,NORDESTE,PE,RECIFE,SECRETARIA DE EDUCACAO E ESPORTES,'10572071000112,Adimplente,NAO,ESCOLA DE REFERENCIA EM ENSINO MEDIO PROFESSOR JORDAO EMEREN,26186241,5653321000109,Adimplente,NAO,20180
2018,PDDE,NORDESTE,PE,RECIFE,SECRETARIA DE EDUCACAO E ESPORTES,'10572071000112,Adimplente,NAO,ESCOLA DE REFERENCIA EM ENSINO MEDIO PROFESSOR MARDONIO DE A,26128721,3819201000103,Adimplente,NAO,15340
2018,PDDE,NORDESTE,PE,RECIFE,SECRETARIA DE EDUCACAO E ESPORTES,'10572071000112,Adimplente,NAO,ESCOLA DE REFERENCIA EM ENSINO MEDIO PROFESSOR TRAJANO DE ME,26123592,6862971000127,Adimplente,NAO,16940
2018,PDDE,NORDESTE,PE,RECIFE,SECRETARIA DE EDUCACAO E ESPORTES,'10572071000112,Adimplente,NAO,ESCOLA DE REFERENCIA EM ENSINO MEDIO PROFESSORA HELENA PUGO,26127741,3402182000115,Adimplente,NAO,14020
2018,PDDE,NORDESTE,PE,RECIFE,SECRETARIA DE EDUCACAO E ESPORTES,'10572071000112,Adimplente,NAO,ESCOLA DE REFERENCIA EM ENSINO MEDIO SANTA PAULA FRASSINETTI,26122677,3371239000166,Adimplente,NAO,8240
2018,PDDE,NORDESTE,PE,RECIFE,SECRETARIA DE EDUCACAO E ESPORTES,'10572071000112,Adimplente,NAO,ESCOLA DE REFERENCIA EM ENSINO MEDIO SANTOS DUMONT,26124190,6865875000132,Adimplente,NAO,18700
2018,PDDE,NORDESTE,PE,RECIFE,SECRETARIA DE EDUCACAO E ESPORTES,'10572071000112,Adimplente,NAO,ESCOLA DE REFERENCIA EM ENSINO MEDIO SENADOR PAULO PESSOA GU,26118742,8039672000112,Adimplente,NAO,15380
2018,PDDE,NORDESTE,PE,RECIFE,SECRETARIA DE EDUCACAO E ESPORTES,'10572071000112,Adimplente,NAO,ESCOLA DE REFERENCIA EM ENSINO MEDIO SILVA JARDIM,26125781,3220574000163,Adimplente,NAO,7920
2018,PDDE,NORDESTE,PE,RECIFE,SECRETARIA DE EDUCACAO E ESPORTES,'10572071000112,Adimplente,NAO,ESCOLA DE REFERENCIA EM ENSINO MEDIO SIZENANDO SILVEIRA,26121921,7553680000110,Adimplente,NAO,14500
2018,PDDE,NORDESTE,PE,RECIFE,SECRETARIA DE EDUCACAO E ESPORTES,'10572071000112,Adimplente,NAO,ESCOLA DEBORA FEIJO,26122855,3811215000180,Adimplente,NAO,9240
2018,PDDE,NORDESTE,PE,RECIFE,SECRETARIA DE EDUCACAO E ESPORTES,'10572071000112,Adimplente,NAO,ESCOLA DELMIRO GOUVEIA,26124572,6862872000145,Adimplente,NAO,4540
2018,PDDE,NORDESTE,PE,RECIFE,SECRETARIA DE EDUCACAO E ESPORTES,'10572071000112,Adimplente,NAO,ESCOLA DOM BOSCO - RECIFE,26126125,3319694000112,Adimplente,NAO,24640
2018,PDDE,NORDESTE,PE,RECIFE,SECRETARIA DE EDUCACAO E ESPORTES,'10572071000112,Adimplente,NAO,ESCOLA DOM CARLOS COELHO - RECIFE,26122545,3250849000101,Adimplente,NAO,8080
2018,PDDE,NORDESTE,PE,RECIFE,SECRETARIA DE EDUCACAO E ESPORTES,'10572071000112,Adimplente,NAO,ESCOLA DONA MARIA TERESA CORREA,26126141,3237346000104,Adimplente,NAO,20040
2018,PDDE,NORDESTE,PE,RECIFE,SECRETARIA DE EDUCACAO E ESPORTES,'10572071000112,Adimplente,NAO,ESCOLA DOUTOR FABIO CORREA,26128160,3256180000165,Adimplente,NAO,21320
2018,PDDE,NORDESTE,PE,RECIFE,SECRETARIA DE EDUCACAO E ESPORTES,'10572071000112,Adimplente,NAO,ESCOLA DOUTOR FRANCISCO PESSOA DE QUEIROZ,26128179,3251897000114,Adimplente,NAO,24760
2018,PDDE,NORDESTE,PE,RECIFE,SECRETARIA DE EDUCACAO E ESPORTES,'10572071000112,Adimplente,NAO,ESCOLA EDUCADOR PAULO FREIRE,26127636,3811201000167,Adimplente,NAO,12100
2018,PDDE,NORDESTE,PE,RECIFE,SECRETARIA DE EDUCACAO E ESPORTES,'10572071000112,Adimplente,NAO,ESCOLA EDWIGES DE SA PEREIRA,26123509,3811184000168,Adimplente,NAO,10180
2018,PDDE,NORDESTE,PE,RECIFE,SECRETARIA DE EDUCACAO E ESPORTES,'10572071000112,Adimplente,NAO,ESCOLA ELEANOR ROOSEVELT,26124580,6331777000115,Adimplente,NAO,19560
2018,PDDE,NORDESTE,PE,RECIFE,SECRETARIA DE EDUCACAO E ESPORTES,'10572071000112,Adimplente,NAO,ESCOLA EMBAIXADOR GILBERTO AMADO,26122553,3240432000168,Adimplente,NAO,14940
2018,PDDE,NORDESTE,PE,RECIFE,SECRETARIA DE EDUCACAO E ESPORTES,'10572071000112,Adimplente,NAO,ESCOLA ENEIDA RABELLO,26124599,10503277000190,Adimplente,NAO,24680
2018,PDDE,NORDESTE,PE,RECIFE,SECRETARIA DE EDUCACAO E ESPORTES,'10572071000112,Adimplente,NAO,ESCOLA ERUNDINA NEGREIROS DE ARAUJO,26126150,3838774000184,Adimplente,NAO,8260
2018,PDDE,NORDESTE,PE,RECIFE,SECRETARIA DE EDUCACAO E ESPORTES,'10572071000112,Adimplente,NAO,ESCOLA ESPECIAL ULISSES PERNAMBUCANO,26118823,3817322000116,Adimplente,NAO,14760
2018,PDDE,NORDESTE,PE,RECIFE,SECRETARIA DE EDUCACAO E ESPORTES,'10572071000112,Adimplente,NAO,ESCOLA ESTACIO COIMBRA,26121875,4465881000177,Adimplente,NAO,12920
2018,PDDE,NORDESTE,PE,RECIFE,SECRETARIA DE EDUCACAO E ESPORTES,'10572071000112,Adimplente,NAO,ESCOLA ESTADUAL NOSSA SENHORA DAS GRACAS - RECIFE,26182629,33468736000148,Adimplente,NAO,5360
2018,PDDE,NORDESTE,PE,RECIFE,SECRETARIA DE EDUCACAO E ESPORTES,'10572071000112,Adimplente,NAO,ESCOLA FERNANDES VIEIRA,26127857,3304692000150,Adimplente,NAO,10560
2018,PDDE,NORDESTE,PE,RECIFE,SECRETARIA DE EDUCACAO E ESPORTES,'10572071000112,Adimplente,NAO,ESCOLA GABRIELA MISTRAL,26126192,3213767000197,Adimplente,NAO,13000
2018,PDDE,NORDESTE,PE,RECIFE,SECRETARIA DE EDUCACAO E ESPORTES,'10572071000112,Adimplente,NAO,ESCOLA GERCINO DE PONTES,26125013,6956198000168,Adimplente,NAO,11900
2018,PDDE,NORDESTE,PE,RECIFE,SECRETARIA DE EDUCACAO E ESPORTES,'10572071000112,Adimplente,NAO,ESCOLA GILBERTO FREYRE,26126206,3259438000187,Adimplente,NAO,13300
2018,PDDE,NORDESTE,PE,RECIFE,SECRETARIA DE EDUCACAO E ESPORTES,'10572071000112,Adimplente,NAO,ESCOLA GOV CARLOS DE LIMA CAVALCANTI,26126214,3909353000105,Adimplente,NAO,19260
2018,PDDE,NORDESTE,PE,RECIFE,SECRETARIA DE EDUCACAO E ESPORTES,'10572071000112,Adimplente,NAO,ESCOLA GOVERNADOR BARBOSA LIMA,26122227,3704318000141,Adimplente,NAO,40300
2018,PDDE,NORDESTE,PE,RECIFE,SECRETARIA DE EDUCACAO E ESPORTES,'10572071000112,Adimplente,NAO,ESCOLA HEROIS DA RESTAURACAO,26123770,3304777000138,Adimplente,NAO,13900
2018,PDDE,NORDESTE,PE,RECIFE,SECRETARIA DE EDUCACAO E ESPORTES,'10572071000112,Adimplente,NAO,ESCOLA IRMA MAGNA,26126230,3387786000130,Adimplente,NAO,10320
2018,PDDE,NORDESTE,PE,RECIFE,SECRETARIA DE EDUCACAO E ESPORTES,'10572071000112,Adimplente,NAO,ESCOLA JOAO BARBALHO,26121620,6865258000137,Adimplente,NAO,22860
2018,PDDE,NORDESTE,PE,RECIFE,SECRETARIA DE EDUCACAO E ESPORTES,'10572071000112,Adimplente,NAO,ESCOLA JOAQUIM XAVIER DE BRITO,26127695,10325398000190,Adimplente,NAO,18640
2018,PDDE,NORDESTE,PE,RECIFE,SECRETARIA DE EDUCACAO E ESPORTES,'10572071000112,Adimplente,NAO,ESCOLA JORNALISTA COSTA PORTO,26124645,6370615000196,Adimplente,NAO,24560
2018,PDDE,NORDESTE,PE,RECIFE,SECRETARIA DE EDUCACAO E ESPORTES,'10572071000112,Adimplente,NAO,ESCOLA JOSE MARIA,26121891,3225772000110,Adimplente,NAO,12440
2018,PDDE,NORDESTE,PE,RECIFE,SECRETARIA DE EDUCACAO E ESPORTES,'10572071000112,Adimplente,NAO,ESCOLA JOSE MARIANO,26123517,3402193000103,Adimplente,NAO,22200
2018,PDDE,NORDESTE,PE,RECIFE,SECRETARIA DE EDUCACAO E ESPORTES,'10572071000112,Adimplente,NAO,ESCOLA LANDELINO ROCHA,26125072,3402298000154,Adimplente,NAO,7720
2018,PDDE,NORDESTE,PE,RECIFE,SECRETARIA DE EDUCACAO E ESPORTES,'10572071000112,Adimplente,NAO,ESCOLA LICEU DE ARTES E OFICIOS,26120992,16843487000104,Adimplente,NAO,22300
2018,PDDE,NORDESTE,PE,RECIFE,SECRETARIA DE EDUCACAO E ESPORTES,'10572071000112,Adimplente,NAO,ESCOLA LIONS DE PARNAMIRIM,26125650,3211936000150,Adimplente,NAO,20280
2018,PDDE,NORDESTE,PE,RECIFE,SECRETARIA DE EDUCACAO E ESPORTES,'10572071000112,Adimplente,NAO,ESCOLA LUIS DE CAMOES,26125080,3402256000113,Adimplente,NAO,19460
2018,PDDE,NORDESTE,PE,RECIFE,SECRETARIA DE EDUCACAO E ESPORTES,'10572071000112,Adimplente,NAO,ESCOLA LUIZ DELGADO,26121344,3912602000103,Adimplente,NAO,27900
2018,PDDE,NORDESTE,PE,RECIFE,SECRETARIA DE EDUCACAO E ESPORTES,'10572071000112,Adimplente,NAO,ESCOLA MACIEL PINHEIRO,26123231,3304485000103,Adimplente,NAO,17520
2018,PDDE,NORDESTE,PE,RECIFE,SECRETARIA DE EDUCACAO E ESPORTES,'10572071000112,Adimplente,NAO,ESCOLA MANOEL BORBA,26121310,3214839000110,Adimplente,NAO,11200
2018,PDDE,NORDESTE,PE,RECIFE,SECRETARIA DE EDUCACAO E ESPORTES,'10572071000112,Adimplente,NAO,ESCOLA MARCELINO CHAMPAGNAT,26123525,6928445000112,Adimplente,NAO,27840
2018,PDDE,NORDESTE,PE,RECIFE,SECRETARIA DE EDUCACAO E ESPORTES,'10572071000112,Adimplente,NAO,ESCOLA MARECHAL EURICO GASPAR DUTRA,26124670,8091979000162,Adimplente,NAO,32620
2018,PDDE,NORDESTE,PE,RECIFE,SECRETARIA DE EDUCACAO E ESPORTES,'10572071000112,Adimplente,NAO,ESCOLA MARECHAL RONDON - RECIFE,26123630,3402325000199,Adimplente,NAO,9640
2018,PDDE,NORDESTE,PE,RECIFE,SECRETARIA DE EDUCACAO E ESPORTES,'10572071000112,Adimplente,NAO,ESCOLA MARIA AMALIA,26126290,4210048000185,Adimplente,NAO,17260
2018,PDDE,NORDESTE,PE,RECIFE,SECRETARIA DE EDUCACAO E ESPORTES,'10572071000112,Adimplente,NAO,ESCOLA MARIA GORETTI,26123240,5736006000145,Adimplente,NAO,5580
2018,PDDE,NORDESTE,PE,RECIFE,SECRETARIA DE EDUCACAO E ESPORTES,'10572071000112,Adimplente,NAO,ESCOLA MATIAS DE ALBUQUERQUE,26126311,3831417000194,Adimplente,NAO,11240
2018,PDDE,NORDESTE,PE,RECIFE,SECRETARIA DE EDUCACAO E ESPORTES,'10572071000112,Adimplente,NAO,ESCOLA MISSIONARIO SAO BENTO,26124874,3304333000100,Adimplente,NAO,15320
2018,PDDE,NORDESTE,PE,RECIFE,SECRETARIA DE EDUCACAO E ESPORTES,'10572071000112,Adimplente,NAO,ESCOLA MONS MANOEL LEONARDO DE BARROS BARRETO,26153491,3304840000136,Adimplente,NAO,13800
2018,PDDE,NORDESTE,PE,RECIFE,SECRETARIA DE EDUCACAO E ESPORTES,'10572071000112,Adimplente,NAO,ESCOLA MONSENHOR ALVARO NEGROMONTE,26123533,3834985000149,Adimplente,NAO,34220
2018,PDDE,NORDESTE,PE,RECIFE,SECRETARIA DE EDUCACAO E ESPORTES,'10572071000112,Adimplente,NAO,ESCOLA MONSENHOR FRANCISCO SALLES,26121638,3270320000150,Adimplente,NAO,16160
2018,PDDE,NORDESTE,PE,RECIFE,SECRETARIA DE EDUCACAO E ESPORTES,'10572071000112,Adimplente,NAO,ESCOLA MONSENHOR MANOEL MARQUES,26125943,3214861000160,Adimplente,NAO,21900
2018,PDDE,NORDESTE,PE,RECIFE,SECRETARIA DE EDUCACAO E ESPORTES,'10572071000112,Adimplente,NAO,ESCOLA MONTE VERDE,26125358,6659417000147,Adimplente,NAO,19260
2018,PDDE,NORDESTE,PE,RECIFE,PREF MUN DE RECIFE,'10565000000192,Adimplente,NAO,ESCOLA MUNICIPAL 27 DE NOVEMBRO,26154846,2033084000195,Bloqueio CODDE,NAO,6100
2018,PDDE,NORDESTE,PE,RECIFE,PREF MUN DE RECIFE,'10565000000192,Adimplente,NAO,ESCOLA MUNICIPAL ABILIO GOMES,26124092,2027103000170,Adimplente,NAO,8260
2018,PDDE,NORDESTE,PE,RECIFE,PREF MUN DE RECIFE,'10565000000192,Adimplente,NAO,ESCOLA MUNICIPAL ALDA ROMEU,26128110,2018616000115,Adimplente,NAO,7740
2018,PDDE,NORDESTE,PE,RECIFE,PREF MUN DE RECIFE,'10565000000192,Adimplente,NAO,ESCOLA MUNICIPAL ALMIRANTE SOARES DUTRA,26120658,3146615000119,Bloqueio CODDE,NAO,8780
2018,PDDE,NORDESTE,PE,RECIFE,PREF MUN DE RECIFE,'10565000000192,Adimplente,NAO,ESCOLA MUNICIPAL ALTO DA BELA VISTA,26123380,9479946000157,Adimplente,NAO,4660
2018,PDDE,NORDESTE,PE,RECIFE,PREF MUN DE RECIFE,'10565000000192,Adimplente,NAO,ESCOLA MUNICIPAL ALTO DA GUABIRABA,26126370,2100292000160,Adimplente,NAO,5060
2018,PDDE,NORDESTE,PE,RECIFE,PREF MUN DE RECIFE,'10565000000192,Adimplente,NAO,ESCOLA MUNICIPAL ALTO DO MARACANA,26136300,3153733000154,Bloqueio CODDE,NAO,11120
2018,PDDE,NORDESTE,PE,RECIFE,PREF MUN DE RECIFE,'10565000000192,Adimplente,NAO,ESCOLA MUNICIPAL ALTO DO PASCOAL,26166593,5379256000175,Adimplente,NAO,12120
2018,PDDE,NORDESTE,PE,RECIFE,PREF MUN DE RECIFE,'10565000000192,Adimplente,NAO,ESCOLA MUNICIPAL ALTO DO REFUGIO - IVAN NEVES,26149370,2082912000185,Bloqueio CODDE,NAO,6220
2018,PDDE,NORDESTE,PE,RECIFE,PREF MUN DE RECIFE,'10565000000192,Adimplente,NAO,ESCOLA MUNICIPAL ALTO JARDIM PROGRESSO,26125854,2428752000183,Adimplente,NAO,8860
2018,PDDE,NORDESTE,PE,RECIFE,PREF MUN DE RECIFE,'10565000000192,Adimplente,NAO,ESCOLA MUNICIPAL ALTO SANTA TEREZINHA,26139723,2027108000101,Adimplente,NAO,14780
2018,PDDE,NORDESTE,PE,RECIFE,PREF MUN DE RECIFE,'10565000000192,Adimplente,NAO,ESCOLA MUNICIPAL ANA MAURICIA WANDERLEY,26128764,2027105000160,Adimplente,NAO,5900
2018,PDDE,NORDESTE,PE,RECIFE,PREF MUN DE RECIFE,'10565000000192,Adimplente,NAO,ESCOLA MUNICIPAL ANDRE DE MELO,26123541,2033079000182,Adimplente,NAO,15180
2018,PDDE,NORDESTE,PE,RECIFE,PREF MUN DE RECIFE,'10565000000192,Adimplente,NAO,ESCOLA MUNICIPAL ANEXA CASA AMARELA,26175371,34345356000189,Adimplente,NAO,2780
2018,PDDE,NORDESTE,PE,RECIFE,PREF MUN DE RECIFE,'10565000000192,Adimplente,NAO,ESCOLA MUNICIPAL ANITA PAES BARRETO,26128926,11254509000187,Bloqueio CODDE,NAO,3440
2018,PDDE,NORDESTE,PE,RECIFE,PREF MUN DE RECIFE,'10565000000192,Adimplente,NAO,ESCOLA MUNICIPAL ANTONIO FARIAS FILHO,26117576,2018630000119,Bloqueio CODDE,NAO,18440
2018,PDDE,NORDESTE,PE,RECIFE,PREF MUN DE RECIFE,'10565000000192,Adimplente,NAO,ESCOLA MUNICIPAL ANTONIO HERACLIO DO REGO,26128640,2428749000160,Adimplente,NAO,11960
2018,PDDE,NORDESTE,PE,RECIFE,PREF MUN DE RECIFE,'10565000000192,Adimplente,NAO,ESCOLA MUNICIPAL ANTONIO LUIZ,26128659,5885170000114,Bloqueio CODDE,NAO,4240
2018,PDDE,NORDESTE,PE,RECIFE,PREF MUN DE RECIFE,'10565000000192,Adimplente,NAO,ESCOLA MUNICIPAL ANTONIO TIBURCIO,26128772,2027107000159,Bloqueio CODDE,NAO,4780
2018,PDDE,NORDESTE,PE,RECIFE,PREF MUN DE RECIFE,'10565000000192,Adimplente,NAO,ESCOLA MUNICIPAL ARQUITETO ALEXANDRE MUNIZ DE OLIVEIRA,26125994,3214885000110,Adimplente,NAO,6840
2018,PDDE,NORDESTE,PE,RECIFE,PREF MUN DE RECIFE,'10565000000192,Adimplente,NAO,ESCOLA MUNICIPAL ARRAIAL NOVO DO BOM JESUS,26127369,2082903000194,Adimplente,NAO,15080
2018,PDDE,NORDESTE,PE,RECIFE,PREF MUN DE RECIFE,'10565000000192,Adimplente,NAO,ESCOLA MUNICIPAL ARTISTA PLASTICO CICERO DIAS,26171716,9543738000170,Adimplente,NAO,2800
2018,PDDE,NORDESTE,PE,RECIFE,PREF MUN DE RECIFE,'10565000000192,Adimplente,NAO,ESCOLA MUNICIPAL ASA BRANCA,26170639,7112185000175,Adimplente,NAO,6320
2018,PDDE,NORDESTE,PE,RECIFE,PREF MUN DE RECIFE,'10565000000192,Adimplente,NAO,ESCOLA MUNICIPAL BALBINA MENELAU,26120682,2038927000146,Adimplente,NAO,7140
2018,PDDE,NORDESTE,PE,RECIFE,PREF MUN DE RECIFE,'10565000000192,Adimplente,NAO,ESCOLA MUNICIPAL BEATO EUGENIO MAZENOD,26124467,2027111000117,Bloqueio CODDE,NAO,7280
2018,PDDE,NORDESTE,PE,RECIFE,PREF MUN DE RECIFE,'10565000000192,Adimplente,NAO,ESCOLA MUNICIPAL BOA ESPERANCA,26126869,3030584000136,Bloqueio CODDE,NAO,5960
2018,PDDE,NORDESTE,PE,RECIFE,PREF MUN DE RECIFE,'10565000000192,Adimplente,NAO,ESCOLA MUNICIPAL BOLA NA REDE,26491710,16682800000170,Adimplente,NAO,8000
2018,PDDE,NORDESTE,PE,RECIFE,PREF MUN DE RECIFE,'10565000000192,Adimplente,NAO,ESCOLA MUNICIPAL CAMPINA DO BARRETO,26166623,5643785000134,Bloqueio CODDE,NAO,8400
2018,PDDE,NORDESTE,PE,RECIFE,PREF MUN DE RECIFE,'10565000000192,Adimplente,NAO,ESCOLA MUNICIPAL CAPELA SANTO ANTONIO,26124483,2484655000108,Adimplente,NAO,5440
2018,PDDE,NORDESTE,PE,RECIFE,PREF MUN DE RECIFE,'10565000000192,Adimplente,NAO,ESCOLA MUNICIPAL CARLUCIO DE SOUZA CASTANHA JUNIOR,26171767,8635630000144,Bloqueio CODDE,NAO,12740
2018,PDDE,NORDESTE,PE,RECIFE,PREF MUN DE RECIFE,'10565000000192,Adimplente,NAO,ESCOLA MUNICIPAL CASA DOS FERROVIARIOS,26123444,2018609000113,Adimplente,NAO,12780
2018,PDDE,NORDESTE,PE,RECIFE,PREF MUN DE RECIFE,'10565000000192,Adimplente,NAO,ESCOLA MUNICIPAL CASARAO DO BARBALHO,26127016,5727162000140,Adimplente,NAO,9380
2018,PDDE,NORDESTE,PE,RECIFE,PREF MUN DE RECIFE,'10565000000192,Adimplente,NAO,ESCOLA MUNICIPAL CECILIA MEIRELLES,26175363,10954508000182,Bloqueio CODDE,NAO,4860
2018,PDDE,NORDESTE,PE,RECIFE,PREF MUN DE RECIFE,'10565000000192,Adimplente,NAO,ESCOLA MUNICIPAL CELIA ARRAES,26127024,3030526000102,Adimplente,NAO,6980
2018,PDDE,NORDESTE,PE,RECIFE,PREF MUN DE RECIFE,'10565000000192,Adimplente,NAO,ESCOLA MUNICIPAL CENTRO DE EDUC INFAN 14 BIS,26124173,8064455000182,Bloqueio CODDE,NAO,6700
2018,PDDE,NORDESTE,PE,RECIFE,PREF MUN DE RECIFE,'10565000000192,Adimplente,NAO,ESCOLA MUNICIPAL CHICO MENDES,26170779,8839202000133,Adimplente,NAO,10380
2018,PDDE,NORDESTE,PE,RECIFE,PREF MUN DE RECIFE,'10565000000192,Adimplente,NAO,ESCOLA MUNICIPAL CHICO SCIENCE,26419734,17316375000168,Adimplente,NAO,3000
2018,PDDE,NORDESTE,PE,RECIFE,PREF MUN DE RECIFE,'10565000000192,Adimplente,NAO,ESCOLA MUNICIPAL CICERO FRANKLIN CORDEIRO,26124513,2033080000107,Bloqueio CODDE,NAO,18480
2018,PDDE,NORDESTE,PE,RECIFE,PREF MUN DE RECIFE,'10565000000192,Adimplente,NAO,ESCOLA MUNICIPAL CIDADAO HERBERT DE SOUZA,26121972,5379304000125,Bloqueio CODDE,NAO,4960
2018,PDDE,NORDESTE,PE,RECIFE,PREF MUN DE RECIFE,'10565000000192,Adimplente,NAO,ESCOLA MUNICIPAL COMPOSITOR CAPIBA,26212200,11259050000104,Adimplente,NAO,4640
2018,PDDE,NORDESTE,PE,RECIFE,PREF MUN DE RECIFE,'10565000000192,Adimplente,NAO,ESCOLA MUNICIPAL COMPOSITOR LEVINO FERREIRA,26128780,3146609000161,Adimplente,NAO,5920
2018,PDDE,NORDESTE,PE,RECIFE,PREF MUN DE RECIFE,'10565000000192,Adimplente,NAO,ESCOLA MUNICIPAL CORREGO DA AREIA,26126680,8963113000102,Bloqueio CODDE,NAO,4760
2018,PDDE,NORDESTE,PE,RECIFE,PREF MUN DE RECIFE,'10565000000192,Adimplente,NAO,ESCOLA MUNICIPAL CORREGO DA BICA,26126362,2027206000130,Bloqueio CODDE,NAO,10080
2018,PDDE,NORDESTE,PE,RECIFE,PREF MUN DE RECIFE,'10565000000192,Adimplente,NAO,ESCOLA MUNICIPAL CORREGO DO EUCLIDES,26158752,7134776000143,Adimplente,NAO,4300
2018,PDDE,NORDESTE,PE,RECIFE,PREF MUN DE RECIFE,'10565000000192,Adimplente,NAO,ESCOLA MUNICIPAL CREUSA DE FREITAS CAVALCANTI,26127008,2032908000102,Adimplente,NAO,15700
2018,PDDE,NORDESTE,PE,RECIFE,PREF MUN DE RECIFE,'10565000000192,Adimplente,NAO,ESCOLA MUNICIPAL CRISTIANO CORDEIRO,26133837,2027109000148,Adimplente,NAO,12440
2018,PDDE,NORDESTE,PE,RECIFE,PREF MUN DE RECIFE,'10565000000192,Adimplente,NAO,ESCOLA MUNICIPAL CRISTINA TAVARES,26121832,2428750000194,Adimplente,NAO,3520
2018,PDDE,NORDESTE,PE,RECIFE,PREF MUN DE RECIFE,'10565000000192,Adimplente,NAO,ESCOLA MUNICIPAL DA GUABIRABA,26171740,8761547000111,Adimplente,NAO,10520
2018,PDDE,NORDESTE,PE,RECIFE,PREF MUN DE RECIFE,'10565000000192,Adimplente,NAO,ESCOLA MUNICIPAL DA IPUTINGA,26119218,3030669000114,Adimplente,NAO,15700
2018,PDDE,NORDESTE,PE,RECIFE,PREF MUN DE RECIFE,'10565000000192,Adimplente,NAO,ESCOLA MUNICIPAL DA MANGABEIRA,26128233,2428751000139,Bloqueio CODDE,NAO,9460
2018,PDDE,NORDESTE,PE,RECIFE,PREF MUN DE RECIFE,'10565000000192,Adimplente,NAO,ESCOLA MUNICIPAL DARCY RIBEIRO,26153424,5443244000162,Adimplente,NAO,13900
2018,PDDE,NORDESTE,PE,RECIFE,PREF MUN DE RECIFE,'10565000000192,Adimplente,NAO,ESCOLA MUNICIPAL DE AGUA FRIA,26166640,5979228000199,Adimplente,NAO,4720
2018,PDDE,NORDESTE,PE,RECIFE,PREF MUN DE RECIFE,'10565000000192,Adimplente,NAO,ESCOLA MUNICIPAL DE BEBERIBE,26166607,5699682000196,Adimplente,NAO,4840
2018,PDDE,NORDESTE,PE,RECIFE,PREF MUN DE RECIFE,'10565000000192,Adimplente,NAO,ESCOLA MUNICIPAL DE CASA AMARELA,26166658,5885150000143,Bloqueio CODDE,NAO,7020
2018,PDDE,NORDESTE,PE,RECIFE,PREF MUN DE RECIFE,'10565000000192,Adimplente,NAO,ESCOLA MUNICIPAL DE DOIS RIOS,26119129,2060419000164,Adimplente,NAO,7060
2018,PDDE,NORDESTE,PE,RECIFE,PREF MUN DE RECIFE,'10565000000192,Adimplente,NAO,ESCOLA MUNICIPAL DE TEJIPIO,26123550,2428745000181,Bloqueio CODDE,NAO,13000
2018,PDDE,NORDESTE,PE,RECIFE,PREF MUN DE RECIFE,'10565000000192,Adimplente,NAO,ESCOLA MUNICIPAL DEPUTADO EDSON CANTARELLI,26158329,5643864000145,Adimplente,NAO,11180
2018,PDDE,NORDESTE,PE,RECIFE,PREF MUN DE RECIFE,'10565000000192,Adimplente,NAO,ESCOLA MUNICIPAL DEPUTADO FERNANDO SAMPAIO,26132267,2018626000150,Bloqueio CODDE,NAO,7420
2018,PDDE,NORDESTE,PE,RECIFE,PREF MUN DE RECIFE,'10565000000192,Adimplente,NAO,ESCOLA MUNICIPAL DEUS E AMOR,26128888,2018615000170,Bloqueio CODDE,NAO,5840
2018,PDDE,NORDESTE,PE,RECIFE,PREF MUN DE RECIFE,'10565000000192,Adimplente,NAO,ESCOLA MUNICIPAL DIACONO ABEL GUEIROS,26170647,8852714000130,Adimplente,NAO,6900
2018,PDDE,NORDESTE,PE,RECIFE,PREF MUN DE RECIFE,'10565000000192,Adimplente,NAO,ESCOLA MUNICIPAL DINA DE OLIVEIRA,26155850,5401798000105,Adimplente,NAO,16700
2018,PDDE,NORDESTE,PE,RECIFE,PREF MUN DE RECIFE,'10565000000192,Adimplente,NAO,ESCOLA MUNICIPAL DIVINO ESPIRITO SANTO,26127520,2018619000159,Bloqueio CODDE,NAO,9500
2018,PDDE,NORDESTE,PE,RECIFE,PREF MUN DE RECIFE,'10565000000192,Adimplente,NAO,ESCOLA MUNICIPAL DO BARRO,26168073,5699688000163,Bloqueio CODDE,NAO,4880
2018,PDDE,NORDESTE,PE,RECIFE,PREF MUN DE RECIFE,'10565000000192,Adimplente,NAO,ESCOLA MUNICIPAL DO COQUE,26122898,2036161000160,Adimplente,NAO,12560
2018,PDDE,NORDESTE,PE,RECIFE,PREF MUN DE RECIFE,'10565000000192,Adimplente,NAO,ESCOLA MUNICIPAL DO DOM,26120402,11254579000135,Adimplente,NAO,4360
2018,PDDE,NORDESTE,PE,RECIFE,PREF MUN DE RECIFE,'10565000000192,Adimplente,NAO,ESCOLA MUNICIPAL DO JORDAO,26120704,2101974000197,Adimplente,NAO,6520
2018,PDDE,NORDESTE,PE,RECIFE,PREF MUN DE RECIFE,'10565000000192,Adimplente,NAO,ESCOLA MUNICIPAL DO LEAO,26120712,2484645000172,Adimplente,NAO,5840
2018,PDDE,NORDESTE,PE,RECIFE,PREF MUN DE RECIFE,'10565000000192,Adimplente,NAO,ESCOLA MUNICIPAL DO PANTANAL,26168111,5698486000105,Adimplente,NAO,8160
2018,PDDE,NORDESTE,PE,RECIFE,PREF MUN DE RECIFE,'10565000000192,Adimplente,NAO,ESCOLA MUNICIPAL DO SANCHO,26168120,5698401000180,Bloqueio CODDE,NAO,9600
2018,PDDE,NORDESTE,PE,RECIFE,PREF MUN DE RECIFE,'10565000000192,Adimplente,NAO,ESCOLA MUNICIPAL DOM BOSCO,26123487,2428744000137,Adimplente,NAO,8100
2018,PDDE,NORDESTE,PE,RECIFE,PREF MUN DE RECIFE,'10565000000192,Adimplente,NAO,ESCOLA MUNICIPAL DOM HELDER CAMARA,26122570,2027114000150,Adimplente,NAO,8700
2018,PDDE,NORDESTE,PE,RECIFE,PREF MUN DE RECIFE,'10565000000192,Adimplente,NAO,ESCOLA MUNICIPAL DOM JOSE LAMARTINE SOARES,26126818,2484647000161,Adimplente,NAO,9520
2018,PDDE,NORDESTE,PE,RECIFE,PREF MUN DE RECIFE,'10565000000192,Adimplente,NAO,ESCOLA MUNICIPAL DONA LUCI SILVA LIMA,26181940,33818373000123,Adimplente,NAO,3780
2018,PDDE,NORDESTE,PE,RECIFE,PREF MUN DE RECIFE,'10565000000192,Adimplente,NAO,ESCOLA MUNICIPAL DOS COELHOS,26118670,2027113000106,Bloqueio CODDE,NAO,15020
2018,PDDE,NORDESTE,PE,RECIFE,PREF MUN DE RECIFE,'10565000000192,Adimplente,NAO,ESCOLA MUNICIPAL DOS REMEDIOS,26119145,2428756000161,Adimplente,NAO,7760
2018,PDDE,NORDESTE,PE,RECIFE,PREF MUN DE RECIFE,'10565000000192,Adimplente,NAO,ESCOLA MUNICIPAL DOS TORROES,26127083,8815316000143,Adimplente,NAO,4680
2018,PDDE,NORDESTE,PE,RECIFE,PREF MUN DE RECIFE,'10565000000192,Adimplente,NAO,ESCOLA MUNICIPAL DOUTOR ANTONIO CORREIA,26123495,2036167000138,Adimplente,NAO,5120
2018,PDDE,NORDESTE,PE,RECIFE,PREF MUN DE RECIFE,'10565000000192,Adimplente,NAO,ESCOLA MUNICIPAL DOUTOR CAETE,26126389,2428747000170,Bloqueio CODDE,NAO,6720
2018,PDDE,NORDESTE,PE,RECIFE,PREF MUN DE RECIFE,'10565000000192,Adimplente,NAO,ESCOLA MUNICIPAL DOUTOR EBENEZER GUEIROS,26127644,3153730000110,Adimplente,NAO,11980
2018,PDDE,NORDESTE,PE,RECIFE,PREF MUN DE RECIFE,'10565000000192,Adimplente,NAO,ESCOLA MUNICIPAL DOUTOR RODOLFO AURELIANO,26119641,2018621000128,Adimplente,NAO,17620
2018,PDDE,NORDESTE,PE,RECIFE,PREF MUN DE RECIFE,'10565000000192,Adimplente,NAO,ESCOLA MUNICIPAL DOUTOR SAMUEL GONCALVES,26127547,6773117000194,Adimplente,NAO,5280
2018,PDDE,NORDESTE,PE,RECIFE,PREF MUN DE RECIFE,'10565000000192,Adimplente,NAO,ESCOLA MUNICIPAL DRAOMIRO CHAVES AGUIAR,26120720,2428792000125,Bloqueio CODDE,NAO,12880
2018,PDDE,NORDESTE,PE,RECIFE,PREF MUN DE RECIFE,'10565000000192,Adimplente,NAO,ESCOLA MUNICIPAL EDITE BRAGA,26123088,3146642000191,Adimplente,NAO,10360
2018,PDDE,NORDESTE,PE,RECIFE,PREF MUN DE RECIFE,'10565000000192,Adimplente,NAO,ESCOLA MUNICIPAL EDUCADOR PAULO FREIRE,26148161,5561597000167,Adimplente,NAO,16980
2018,PDDE,NORDESTE,PE,RECIFE,PREF MUN DE RECIFE,'10565000000192,Adimplente,NAO,ESCOLA MUNICIPAL ENGENHEIRO EDINALDO MIRANDA DE OLIVEIRA,26166631,5698446000155,Adimplente,NAO,4960
2018,PDDE,NORDESTE,PE,RECIFE,PREF MUN DE RECIFE,'10565000000192,Adimplente,NAO,ESCOLA MUNICIPAL ENGENHEIRO GUILHERME DINIZ,26120607,2033085000130,Adimplente,NAO,10200
2018,PDDE,NORDESTE,PE,RECIFE,PREF MUN DE RECIFE,'10565000000192,Adimplente,NAO,ESCOLA MUNICIPAL ENGENHEIRO HENOCH COUTINHO DE MELO,26155869,5369704000150,Adimplente,NAO,8440
2018,PDDE,NORDESTE,PE,RECIFE,PREF MUN DE RECIFE,'10565000000192,Adimplente,NAO,ESCOLA MUNICIPAL ENGENHEIRO UMBERTO GONDIM,26120674,2484658000141,Bloqueio CODDE,NAO,10840
2018,PDDE,NORDESTE,PE,RECIFE,PREF MUN DE RECIFE,'10565000000192,Adimplente,NAO,ESCOLA MUNICIPAL ENGENHO DO MEIO,26127377,2038936000137,Bloqueio CODDE,NAO,20000
2018,PDDE,NORDESTE,PE,RECIFE,PREF MUN DE RECIFE,'10565000000192,Adimplente,NAO,ESCOLA MUNICIPAL ESCRITOR JOSUE DE CASTRO,26124955,6338051000104,Bloqueio CODDE,NAO,5380
2018,PDDE,NORDESTE,PE,RECIFE,PREF MUN DE RECIFE,'10565000000192,Adimplente,NAO,ESCOLA MUNICIPAL FERNANDO SANTA CRUZ,26132643,2018628000140,Adimplente,NAO,4020
2018,PDDE,NORDESTE,PE,RECIFE,PREF MUN DE RECIFE,'10565000000192,Adimplente,NAO,ESCOLA MUNICIPAL FREI TADEU GLASER,26175347,15529122000147,Adimplente,NAO,3700
2018,PDDE,NORDESTE,PE,RECIFE,PREF MUN DE RECIFE,'10565000000192,Adimplente,NAO,ESCOLA MUNICIPAL FUTURO FELIZ,26124610,5369555000129,Adimplente,NAO,6280
2018,PDDE,NORDESTE,PE,RECIFE,PREF MUN DE RECIFE,'10565000000192,Adimplente,NAO,ESCOLA MUNICIPAL GENERAL EMIDIO DANTAS BARRETO,26121980,2428796000103,Adimplente,NAO,8640
2018,PDDE,NORDESTE,PE,RECIFE,PREF MUN DE RECIFE,'10565000000192,Adimplente,NAO,ESCOLA MUNICIPAL GENERAL SAN MARTIN,26119617,2048936000118,Adimplente,NAO,11300
2018,PDDE,NORDESTE,PE,RECIFE,PREF MUN DE RECIFE,'10565000000192,Adimplente,NAO,ESCOLA MUNICIPAL GOVERNADOR MIGUEL ARRAES DE ALENCAR,26177951,9259924000181,Bloqueio CODDE,NAO,15260
2018,PDDE,NORDESTE,PE,RECIFE,PREF MUN DE RECIFE,'10565000000192,Adimplente,NAO,ESCOLA MUNICIPAL HENFIL,26127873,2036159000191,Adimplente,NAO,7180
2018,PDDE,NORDESTE,PE,RECIFE,PREF MUN DE RECIFE,'10565000000192,Adimplente,NAO,ESCOLA MUNICIPAL HISTORIADOR FLAVIO GUERRA,26145227,2428798000100,Bloqueio CODDE,NAO,8100
2018,PDDE,NORDESTE,PE,RECIFE,PREF MUN DE RECIFE,'10565000000192,Adimplente,NAO,ESCOLA MUNICIPAL HUGO GERDAU,26120810,2036164000102,Adimplente,NAO,11280
2018,PDDE,NORDESTE,PE,RECIFE,PREF MUN DE RECIFE,'10565000000192,Adimplente,NAO,ESCOLA MUNICIPAL IBURA DE BAIXO,26168227,5885125000160,Adimplente,NAO,9400
2018,PDDE,NORDESTE,PE,RECIFE,PREF MUN DE RECIFE,'10565000000192,Adimplente,NAO,ESCOLA MUNICIPAL INES SOARES DE LIMA,26134010,2027104000115,Adimplente,NAO,6800
2018,PDDE,NORDESTE,PE,RECIFE,PREF MUN DE RECIFE,'10565000000192,Adimplente,NAO,ESCOLA MUNICIPAL IRMA TEREZINHA BATISTA - PROJ NOVO VIVER,26128950,2032906000113,Bloqueio CODDE,NAO,8280
2018,PDDE,NORDESTE,PE,RECIFE,PREF MUN DE RECIFE,'10565000000192,Adimplente,NAO,ESCOLA MUNICIPAL ISAAC PEREIRA DA SILVA,26158310,5369661000102,Adimplente,NAO,9460
2018,PDDE,NORDESTE,PE,RECIFE,PREF MUN DE RECIFE,'10565000000192,Adimplente,NAO,ESCOLA MUNICIPAL JADER FIGUEIREDO DE ANDRADE SILVA,26171732,8963135000164,Bloqueio CODDE,NAO,7020
2018,PDDE,NORDESTE,PE,RECIFE,PREF MUN DE RECIFE,'10565000000192,Adimplente,NAO,ESCOLA MUNICIPAL JARDIM MAURICEIA,26125480,4157479000125,Adimplente,NAO,5720
2018,PDDE,NORDESTE,PE,RECIFE,PREF MUN DE RECIFE,'10565000000192,Adimplente,NAO,ESCOLA MUNICIPAL JARDIM MONTE VERDE,26170663,5957459000100,Bloqueio CODDE,NAO,11740
2018,PDDE,NORDESTE,PE,RECIFE,PREF MUN DE RECIFE,'10565000000192,Adimplente,NAO,ESCOLA MUNICIPAL JARDIM UCHOA,26158280,5727147000100,Adimplente,NAO,6120
2018,PDDE,NORDESTE,PE,RECIFE,PREF MUN DE RECIFE,'10565000000192,Adimplente,NAO,ESCOLA MUNICIPAL JOAO AMAZONAS,26171724,8963127000118,Adimplente,NAO,4980
2018,PDDE,NORDESTE,PE,RECIFE,PREF MUN DE RECIFE,'10565000000192,Adimplente,NAO,ESCOLA MUNICIPAL JOAO PESSOA GUERRA,26127784,5971505000117,Adimplente,NAO,7020
2018,PDDE,NORDESTE,PE,RECIFE,PREF MUN DE RECIFE,'10565000000192,Adimplente,NAO,ESCOLA MUNICIPAL JOAO XXIII,26119897,2428748000115,Adimplente,NAO,10400
2018,PDDE,NORDESTE,PE,RECIFE,PREF MUN DE RECIFE,'10565000000192,Adimplente,NAO,ESCOLA MUNICIPAL JORDAO BAIXO,26132635,2036308000112,Bloqueio CODDE,NAO,6720
2018,PDDE,NORDESTE,PE,RECIFE,PREF MUN DE RECIFE,'10565000000192,Adimplente,NAO,ESCOLA MUNICIPAL JOSE MUCIO MONTEIRO,26164361,5472137000162,Adimplente,NAO,5920
2018,PDDE,NORDESTE,PE,RECIFE,PREF MUN DE RECIFE,'10565000000192,Adimplente,NAO,ESCOLA MUNICIPAL JOSEFINA MARINHO,26126770,2038923000168,Adimplente,NAO,5520
2018,PDDE,NORDESTE,PE,RECIFE,PREF MUN DE RECIFE,'10565000000192,Adimplente,NAO,ESCOLA MUNICIPAL JULIO VICENTE ALVES DE ARAUJO,26118955,2428755000117,Bloqueio CODDE,NAO,6640
2018,PDDE,NORDESTE,PE,RECIFE,PREF MUN DE RECIFE,'10565000000192,Adimplente,NAO,ESCOLA MUNICIPAL KARLA PATRICIA,26134002,2033077000193,Bloqueio CODDE,NAO,14620
2018,PDDE,NORDESTE,PE,RECIFE,PREF MUN DE RECIFE,'10565000000192,Adimplente,NAO,ESCOLA MUNICIPAL LADJANE BANDEIRA,26170744,11254569000108,Adimplente,NAO,2760
2018,PDDE,NORDESTE,PE,RECIFE,PREF MUN DE RECIFE,'10565000000192,Adimplente,NAO,ESCOLA MUNICIPAL LAGOA ENCANTADA,26124114,2084514000106,Adimplente,NAO,4960
2018,PDDE,NORDESTE,PE,RECIFE,PREF MUN DE RECIFE,'10565000000192,Adimplente,NAO,ESCOLA MUNICIPAL LUIZ LUA GONZAGA,26128268,2032915000104,Adimplente,NAO,6340
2018,PDDE,NORDESTE,PE,RECIFE,PREF MUN DE RECIFE,'10565000000192,Adimplente,NAO,ESCOLA MUNICIPAL LUIZ VAZ DE CAMOES,26119927,2027207000185,Adimplente,NAO,13060
2018,PDDE,NORDESTE,PE,RECIFE,PREF MUN DE RECIFE,'10565000000192,Adimplente,NAO,ESCOLA MUNICIPAL LUTADORES DO BEM,26121913,3146641000147,Adimplente,NAO,8980
2018,PDDE,NORDESTE,PE,RECIFE,PREF MUN DE RECIFE,'10565000000192,Adimplente,NAO,ESCOLA MUNICIPAL MAESTRO NELSON FERREIRA,26170671,10792947000136,Adimplente,NAO,3100
2018,PDDE,NORDESTE,PE,RECIFE,PREF MUN DE RECIFE,'10565000000192,Adimplente,NAO,ESCOLA MUNICIPAL MAGALHAES BASTOS,26120763,2484663000154,Adimplente,NAO,12480
2018,PDDE,NORDESTE,PE,RECIFE,PREF MUN DE RECIFE,'10565000000192,Adimplente,NAO,ESCOLA MUNICIPAL MANOEL ANTONIO DE FREITAS,26126826,2038926000100,Adimplente,NAO,6420
2018,PDDE,NORDESTE,PE,RECIFE,PREF MUN DE RECIFE,'10565000000192,Adimplente,NAO,ESCOLA MUNICIPAL MANOEL ROLIM,26134057,2036171000104,Bloqueio CODDE,NAO,6140
2018,PDDE,NORDESTE,PE,RECIFE,PREF MUN DE RECIFE,'10565000000192,Adimplente,NAO,ESCOLA MUNICIPAL MARGARIDA DE SIQUEIRA PESSOA,26126281,2082906000128,Bloqueio CODDE,NAO,7000
2018,PDDE,NORDESTE,PE,RECIFE,PREF MUN DE RECIFE,'10565000000192,Adimplente,NAO,ESCOLA MUNICIPAL MARGARIDA SERPA COSSART,26124700,2484646000117,Bloqueio CODDE,NAO,6320
2018,PDDE,NORDESTE,PE,RECIFE,PREF MUN DE RECIFE,'10565000000192,Adimplente,NAO,ESCOLA MUNICIPAL MARIA ADELAIDE DE BARROS,26124688,2018607000124,Adimplente,NAO,6480
2018,PDDE,NORDESTE,PE,RECIFE,PREF MUN DE RECIFE,'10565000000192,Adimplente,NAO,ESCOLA MUNICIPAL MARIA DE SAMPAIO LUCENA,26124556,2039636000172,Bloqueio CODDE,NAO,20520
2018,PDDE,NORDESTE,PE,RECIFE,PREF MUN DE RECIFE,'10565000000192,Adimplente,NAO,ESCOLA MUNICIPAL MARIO MELO,26122529,2082905000183,Adimplente,NAO,18900
2018,PDDE,NORDESTE,PE,RECIFE,PREF MUN DE RECIFE,'10565000000192,Adimplente,NAO,ESCOLA MUNICIPAL MARLUCE SANTIAGO DA SILVA,26153556,5369563000175,Bloqueio CODDE,NAO,10080
2018,PDDE,NORDESTE,PE,RECIFE,PREF MUN DE RECIFE,'10565000000192,Adimplente,NAO,ESCOLA MUNICIPAL MAURICIO DE NASSAU,26126672,2027101000181,Adimplente,NAO,6160
2018,PDDE,NORDESTE,PE,RECIFE,PREF MUN DE RECIFE,'10565000000192,Adimplente,NAO,ESCOLA MUNICIPAL MENINO JESUS,26124840,3402281000105,Adimplente,NAO,3580
2018,PDDE,NORDESTE,PE,RECIFE,PREF MUN DE RECIFE,'10565000000192,Adimplente,NAO,ESCOLA MUNICIPAL MERCIA DE ALBUQUERQUE FERREIRA,26175398,8963120000104,Bloqueio CODDE,NAO,7200
2018,PDDE,NORDESTE,PE,RECIFE,PREF MUN DE RECIFE,'10565000000192,Adimplente,NAO,ESCOLA MUNICIPAL MILTON ALMEIDA DOS SANTOS,26419726,13563936000172,Adimplente,NAO,3660
2018,PDDE,NORDESTE,PE,RECIFE,PREF MUN DE RECIFE,'10565000000192,Adimplente,NAO,ESCOLA MUNICIPAL MONSENHOR VIANA,26128705,2428793000170,Adimplente,NAO,8240
2018,PDDE,NORDESTE,PE,RECIFE,PREF MUN DE RECIFE,'10565000000192,Adimplente,NAO,ESCOLA MUNICIPAL MONTEIRO LOBATO,26118734,3153729000196,Adimplente,NAO,9320
2018,PDDE,NORDESTE,PE,RECIFE,PREF MUN DE RECIFE,'10565000000192,Adimplente,NAO,ESCOLA MUNICIPAL MUNDO ESPERANCA,26125706,2027099000140,Adimplente,NAO,6500
2018,PDDE,NORDESTE,PE,RECIFE,PREF MUN DE RECIFE,'10565000000192,Adimplente,NAO,ESCOLA MUNICIPAL NADIR COLACO,26133389,2428806000100,Bloqueio CODDE,NAO,9800
2018,PDDE,NORDESTE,PE,RECIFE,PREF MUN DE RECIFE,'10565000000192,Adimplente,NAO,ESCOLA MUNICIPAL NOSSA SENHORA DA PENHA,26134049,3153734000107,Bloqueio CODDE,NAO,6480
2018,PDDE,NORDESTE,PE,RECIFE,PREF MUN DE RECIFE,'10565000000192,Adimplente,NAO,ESCOLA MUNICIPAL NOSSA SENHORA DO PILAR,26147300,4500071000104,Adimplente,NAO,5000
2018,PDDE,NORDESTE,PE,RECIFE,PREF MUN DE RECIFE,'10565000000192,Adimplente,NAO,ESCOLA MUNICIPAL NOVA AURORA,26128314,2027106000104,Adimplente,NAO,4420
2018,PDDE,NORDESTE,PE,RECIFE,PREF MUN DE RECIFE,'10565000000192,Adimplente,NAO,ESCOLA MUNICIPAL NOVA DESCOBERTA,26133622,2038930000160,Adimplente,NAO,14860
2018,PDDE,NORDESTE,PE,RECIFE,PREF MUN DE RECIFE,'10565000000192,Adimplente,NAO,ESCOLA MUNICIPAL NOVA MORADA,26177978,9665286000107,Bloqueio CODDE,NAO,9200
2018,PDDE,NORDESTE,PE,RECIFE,PREF MUN DE RECIFE,'10565000000192,Adimplente,NAO,ESCOLA MUNICIPAL NOVO HORIZONTE,26128322,5643855000154,Adimplente,NAO,5640
2018,PDDE,NORDESTE,PE,RECIFE,PREF MUN DE RECIFE,'10565000000192,Adimplente,NAO,ESCOLA MUNICIPAL NOVO MANGUE,26158400,5885161000123,Adimplente,NAO,10640
2018,PDDE,NORDESTE,PE,RECIFE,PREF MUN DE RECIFE,'10565000000192,Adimplente,NAO,ESCOLA MUNICIPAL NOVO PINA,26119994,2428754000172,Adimplente,NAO,11060
2018,PDDE,NORDESTE,PE,RECIFE,PREF MUN DE RECIFE,'10565000000192,Adimplente,NAO,ESCOLA MUNICIPAL OCTAVIO DE MEIRA LINS,26126087,2027098000104,Bloqueio CODDE,NAO,13680
2018,PDDE,NORDESTE,PE,RECIFE,PREF MUN DE RECIFE,'10565000000192,Adimplente,NAO,ESCOLA MUNICIPAL OLINDINA MONTEIRO DE OLIVEIRA FRANCA,26128934,2018613000181,Bloqueio CODDE,NAO,9300
2018,PDDE,NORDESTE,PE,RECIFE,PREF MUN DE RECIFE,'10565000000192,Adimplente,NAO,ESCOLA MUNICIPAL OSWALDO LIMA FILHO,26125510,2032913000115,Bloqueio CODDE,NAO,16900
2018,PDDE,NORDESTE,PE,RECIFE,PREF MUN DE RECIFE,'10565000000192,Adimplente,NAO,ESCOLA MUNICIPAL PADRE ANTONIO HENRIQUE,26121662,3153643000163,Bloqueio CODDE,NAO,12840
2018,PDDE,NORDESTE,PE,RECIFE,PREF MUN DE RECIFE,'10565000000192,Adimplente,NAO,ESCOLA MUNICIPAL PADRE JOSE DE ANCHIETA,26119331,2082908000117,Adimplente,NAO,13960
2018,PDDE,NORDESTE,PE,RECIFE,PREF MUN DE RECIFE,'10565000000192,Adimplente,NAO,ESCOLA MUNICIPAL PADRE JOSE MATHIAS DELGADO,26120780,2484653000119,Bloqueio CODDE,NAO,12120
2018,PDDE,NORDESTE,PE,RECIFE,PREF MUN DE RECIFE,'10565000000192,Adimplente,NAO,ESCOLA MUNICIPAL PAIS E FILHOS,26125528,2038924000102,Bloqueio CODDE,NAO,7800
2018,PDDE,NORDESTE,PE,RECIFE,PREF MUN DE RECIFE,'10565000000192,Adimplente,NAO,ESCOLA MUNICIPAL PAPA JOAO XXIII,26127458,3304314000176,Adimplente,NAO,5760
2018,PDDE,NORDESTE,PE,RECIFE,PREF MUN DE RECIFE,'10565000000192,Adimplente,NAO,ESCOLA MUNICIPAL PAROQUIAL CRISTO REI,26123266,3304732000163,Adimplente,NAO,6120
2018,PDDE,NORDESTE,PE,RECIFE,PREF MUN DE RECIFE,'10565000000192,Adimplente,NAO,ESCOLA MUNICIPAL PARQUE DOS MILAGRES,26164701,5591883000175,Adimplente,NAO,10640
2018,PDDE,NORDESTE,PE,RECIFE,PREF MUN DE RECIFE,'10565000000192,Adimplente,NAO,ESCOLA MUNICIPAL PASTOR JOSE MUNGUBA SOBRINHO,26157888,5569465000181,Adimplente,NAO,6740
2018,PDDE,NORDESTE,PE,RECIFE,PREF MUN DE RECIFE,'10565000000192,Adimplente,NAO,ESCOLA MUNICIPAL PASTOR PAULO LEIVAS MACALAO,26126427,2032918000148,Adimplente,NAO,12500
2018,PDDE,NORDESTE,PE,RECIFE,PREF MUN DE RECIFE,'10565000000192,Adimplente,NAO,ESCOLA MUNICIPAL PAULO VI,26128390,2032920000117,Bloqueio CODDE,NAO,24180
2018,PDDE,NORDESTE,PE,RECIFE,PREF MUN DE RECIFE,'10565000000192,Adimplente,NAO,ESCOLA MUNICIPAL PEDRINHO,26126966,3297092000101,Adimplente,NAO,3240
2018,PDDE,NORDESTE,PE,RECIFE,PREF MUN DE RECIFE,'10565000000192,Adimplente,NAO,ESCOLA MUNICIPAL PEDRO ALCANTARA,26175380,8815303000174,Adimplente,NAO,4400
2018,PDDE,NORDESTE,PE,RECIFE,PREF MUN DE RECIFE,'10565000000192,Adimplente,NAO,ESCOLA MUNICIPAL PEDRO AUGUSTO,26121468,2036175000184,Adimplente,NAO,9540
2018,PDDE,NORDESTE,PE,RECIFE,PREF MUN DE RECIFE,'10565000000192,Adimplente,NAO,ESCOLA MUNICIPAL PINTOR LULA CARDOSO AYRES,26132249,3146612000185,Adimplente,NAO,6500
2018,PDDE,NORDESTE,PE,RECIFE,PREF MUN DE RECIFE,'10565000000192,Adimplente,NAO,ESCOLA MUNICIPAL POETA CARLOS PENA FILHO,26170795,97532862000105,Adimplente,NAO,4580
2018,PDDE,NORDESTE,PE,RECIFE,PREF MUN DE RECIFE,'10565000000192,Adimplente,NAO,ESCOLA MUNICIPAL POETA JOAO CABRAL DE MELO NETO,26168138,5698781000153,Adimplente,NAO,6120
2018,PDDE,NORDESTE,PE,RECIFE,PREF MUN DE RECIFE,'10565000000192,Adimplente,NAO,ESCOLA MUNICIPAL POETA JOAQUIM CARDOSO,26126494,2018624000161,Bloqueio CODDE,NAO,14960
2018,PDDE,NORDESTE,PE,RECIFE,PREF MUN DE RECIFE,'10565000000192,Adimplente,NAO,ESCOLA MUNICIPAL POETA JONATAS BRAGA,26122634,3349242000183,Adimplente,NAO,4980
2018,PDDE,NORDESTE,PE,RECIFE,PREF MUN DE RECIFE,'10565000000192,Adimplente,NAO,ESCOLA MUNICIPAL POETA PAULO BANDEIRA DA CRUZ,26125544,5379232000116,Adimplente,NAO,8800
2018,PDDE,NORDESTE,PE,RECIFE,PREF MUN DE RECIFE,'10565000000192,Adimplente,NAO,ESCOLA MUNICIPAL POETA SOLANO TRINDADE,26177960,11264236000151,Adimplente,NAO,10100
2018,PDDE,NORDESTE,PE,RECIFE,PREF MUN DE RECIFE,'10565000000192,Adimplente,NAO,ESCOLA MUNICIPAL PRESBITERO JOSE BEZERRA,26126419,4473032000165,Adimplente,NAO,11880
2018,PDDE,NORDESTE,PE,RECIFE,PREF MUN DE RECIFE,'10565000000192,Adimplente,NAO,ESCOLA MUNICIPAL PROF ELIZABETH SALES COUTINHO BARROS,26121050,2484660000110,Adimplente,NAO,6540
2018,PDDE,NORDESTE,PE,RECIFE,PREF MUN DE RECIFE,'10565000000192,Adimplente,NAO,ESCOLA MUNICIPAL PROF JANDIRA BOTELHO PEREIRA DA COSTA,26155818,5407456000194,Adimplente,NAO,14840
2018,PDDE,NORDESTE,PE,RECIFE,PREF MUN DE RECIFE,'10565000000192,Adimplente,NAO,ESCOLA MUNICIPAL PROF JOSE LOURENCO DE LIMA,26125560,5698473000128,Bloqueio CODDE,NAO,8200
2018,PDDE,NORDESTE,PE,RECIFE,PREF MUN DE RECIFE,'10565000000192,Adimplente,NAO,ESCOLA MUNICIPAL PROFESSOR ADAUTO PONTES,26125552,2018605000135,Adimplente,NAO,6180
2018,PDDE,NORDESTE,PE,RECIFE,PREF MUN DE RECIFE,'10565000000192,Adimplente,NAO,ESCOLA MUNICIPAL PROFESSOR ADERBAL GALVAO,26126516,2018623000117,Adimplente,NAO,11940
2018,PDDE,NORDESTE,PE,RECIFE,PREF MUN DE RECIFE,'10565000000192,Adimplente,NAO,ESCOLA MUNICIPAL PROFESSOR ANTONIO DE BRITO ALVES,26153386,4208254000150,Adimplente,NAO,20740
2018,PDDE,NORDESTE,PE,RECIFE,PREF MUN DE RECIFE,'10565000000192,Adimplente,NAO,ESCOLA MUNICIPAL PROFESSOR ENALDO MANOEL DE SOUZA,26153297,4177303000135,Bloqueio CODDE,NAO,11520
2018,PDDE,NORDESTE,PE,RECIFE,PREF MUN DE RECIFE,'10565000000192,Adimplente,NAO,ESCOLA MUNICIPAL PROFESSOR FLORESTAN FERNANDES,26139090,2428800000133,Bloqueio CODDE,NAO,20620
2018,PDDE,NORDESTE,PE,RECIFE,PREF MUN DE RECIFE,'10565000000192,Adimplente,NAO,ESCOLA MUNICIPAL PROFESSOR JOAO BATISTA LIPPO NETO,26157845,5698492000154,Adimplente,NAO,4520
2018,PDDE,NORDESTE,PE,RECIFE,PREF MUN DE RECIFE,'10565000000192,Adimplente,NAO,ESCOLA MUNICIPAL PROFESSOR JOAO FRANCISCO DE SOUZA,26158302,5698415000102,Bloqueio CODDE,NAO,10320
2018,PDDE,NORDESTE,PE,RECIFE,PREF MUN DE RECIFE,'10565000000192,Adimplente,NAO,ESCOLA MUNICIPAL PROFESSOR JOSE DA COSTA PORTO,26121255,2027112000161,Bloqueio CODDE,NAO,17200
2018,PDDE,NORDESTE,PE,RECIFE,PREF MUN DE RECIFE,'10565000000192,Adimplente,NAO,ESCOLA MUNICIPAL PROFESSOR JOSE SOARES DA SILVA,26166666,5698515000120,Adimplente,NAO,8960
2018,PDDE,NORDESTE,PE,RECIFE,PREF MUN DE RECIFE,'10565000000192,Adimplente,NAO,ESCOLA MUNICIPAL PROFESSOR JOSUE DE CASTRO,26167891,5971524000143,Adimplente,NAO,5860
2018,PDDE,NORDESTE,PE,RECIFE,PREF MUN DE RECIFE,'10565000000192,Adimplente,NAO,ESCOLA MUNICIPAL PROFESSOR JULIO DE OLIVEIRA,26158299,5369680000139,Bloqueio CODDE,NAO,12400
2018,PDDE,NORDESTE,PE,RECIFE,PREF MUN DE RECIFE,'10565000000192,Adimplente,NAO,ESCOLA MUNICIPAL PROFESSOR MANOEL TORRES,26124661,2048934000129,Adimplente,NAO,14360
2018,PDDE,NORDESTE,PE,RECIFE,PREF MUN DE RECIFE,'10565000000192,Adimplente,NAO,ESCOLA MUNICIPAL PROFESSOR MAURO MOTA,26126788,2018632000108,Bloqueio CODDE,NAO,10300
2018,PDDE,NORDESTE,PE,RECIFE,PREF MUN DE RECIFE,'10565000000192,Adimplente,NAO,ESCOLA MUNICIPAL PROFESSOR MOACYR DE ALBUQUERQUE,26120771,2018734000123,Adimplente,NAO,9180
2018,PDDE,NORDESTE,PE,RECIFE,PREF MUN DE RECIFE,'10565000000192,Adimplente,NAO,ESCOLA MUNICIPAL PROFESSOR NILO PEREIRA,26126524,2018602000100,Bloqueio CODDE,NAO,12040
2018,PDDE,NORDESTE,PE,RECIFE,PREF MUN DE RECIFE,'10565000000192,Adimplente,NAO,ESCOLA MUNICIPAL PROFESSOR ORLANDO PARAHYM,26158370,5698390000139,Bloqueio CODDE,NAO,4980
2018,PDDE,NORDESTE,PE,RECIFE,PREF MUN DE RECIFE,'10565000000192,Adimplente,NAO,ESCOLA MUNICIPAL PROFESSOR POTIGUAR MATOS,26154137,5379289000115,Bloqueio CODDE,NAO,8900
2018,PDDE,NORDESTE,PE,RECIFE,PREF MUN DE RECIFE,'10565000000192,Adimplente,NAO,ESCOLA MUNICIPAL PROFESSOR RICARDO GAMA,26153599,5357867000112,Adimplente,NAO,9180
2018,PDDE,NORDESTE,PE,RECIFE,PREF MUN DE RECIFE,'10565000000192,Adimplente,NAO,ESCOLA MUNICIPAL PROFESSOR SIMOES BARBOSA,26124815,2027205000196,Adimplente,NAO,15140
2018,PDDE,NORDESTE,PE,RECIFE,PREF MUN DE RECIFE,'10565000000192,Adimplente,NAO,ESCOLA MUNICIPAL PROFESSOR SOLANO MAGALHAES,26154820,5369695000105,Adimplente,NAO,10720
2018,PDDE,NORDESTE,PE,RECIFE,PREF MUN DE RECIFE,'10565000000192,Adimplente,NAO,ESCOLA MUNICIPAL PROFESSORA ALMERINDA UMBELINO DE BARROS,26126117,2084516000197,Bloqueio CODDE,NAO,20600
2018,PDDE,NORDESTE,PE,RECIFE,PREF MUN DE RECIFE,'10565000000192,Adimplente,NAO,ESCOLA MUNICIPAL PROFESSORA HELIA MARIA PEREIRA,26175355,18162375000113,Adimplente,NAO,3420
2018,PDDE,NORDESTE,PE,RECIFE,PREF MUN DE RECIFE,'10565000000192,Adimplente,NAO,ESCOLA MUNICIPAL PROFESSORA MARIA DA PAZ BRANDAO ALVES,26120569,2018977000161,Adimplente,NAO,13620
2018,PDDE,NORDESTE,PE,RECIFE,PREF MUN DE RECIFE,'10565000000192,Adimplente,NAO,ESCOLA MUNICIPAL PROFESSORA PRIMITIVA DE BARROS SILVA,26123649,3153785000120,Adimplente,NAO,5800
2018,PDDE,NORDESTE,PE,RECIFE,PREF MUN DE RECIFE,'10565000000192,Adimplente,NAO,ESCOLA MUNICIPAL PROFESSORA SONIA MARIA DE ARAUJO SOUZA,26120585,2428804000111,Adimplente,NAO,5780
2018,PDDE,NORDESTE,PE,RECIFE,PREF MUN DE RECIFE,'10565000000192,Adimplente,NAO,ESCOLA MUNICIPAL REITOR JOAO ALFREDO,26121786,2484662000100,Adimplente,NAO,10840
2018,PDDE,NORDESTE,PE,RECIFE,PREF MUN DE RECIFE,'10565000000192,Adimplente,NAO,ESCOLA MUNICIPAL RENATO ACCIOLY CARNEIRO CAMPOS,26136335,2048078000101,Adimplente,NAO,4700
2018,PDDE,NORDESTE,PE,RECIFE,PREF MUN DE RECIFE,'10565000000192,Adimplente,NAO,ESCOLA MUNICIPAL ROZEMAR DE MACEDO LIMA,26212404,11258955000160,Bloqueio CODDE,NAO,16640
2018,PDDE,NORDESTE,PE,RECIFE,PREF MUN DE RECIFE,'10565000000192,Adimplente,NAO,ESCOLA MUNICIPAL SANTA CECILIA,26122600,2048935000173,Adimplente,NAO,10000
2018,PDDE,NORDESTE,PE,RECIFE,PREF MUN DE RECIFE,'10565000000192,Adimplente,NAO,ESCOLA MUNICIPAL SANTA EDWIGES,26123100,5643851000176,Adimplente,NAO,4380
2018,PDDE,NORDESTE,PE,RECIFE,PREF MUN DE RECIFE,'10565000000192,Adimplente,NAO,ESCOLA MUNICIPAL SANTA MARIA,26121077,2027115000103,Bloqueio CODDE,NAO,15160
2018,PDDE,NORDESTE,PE,RECIFE,PREF MUN DE RECIFE,'10565000000192,Adimplente,NAO,ESCOLA MUNICIPAL SANTA MARIA GORETTI,26126583,5561562000128,Bloqueio CODDE,NAO,8180
2018,PDDE,NORDESTE,PE,RECIFE,PREF MUN DE RECIFE,'10565000000192,Adimplente,NAO,ESCOLA MUNICIPAL SANTO AMARO,26134379,2060420000199,Adimplente,NAO,9260
2018,PDDE,NORDESTE,PE,RECIFE,PREF MUN DE RECIFE,'10565000000192,Adimplente,NAO,ESCOLA MUNICIPAL SANTO ANTONIO DO CACOTE,26123673,2484650000185,Adimplente,NAO,5020
2018,PDDE,NORDESTE,PE,RECIFE,PREF MUN DE RECIFE,'10565000000192,Adimplente,NAO,ESCOLA MUNICIPAL SAO CRISTOVAO,26126630,2027102000126,Adimplente,NAO,14520
2018,PDDE,NORDESTE,PE,RECIFE,PREF MUN DE RECIFE,'10565000000192,Adimplente,NAO,ESCOLA MUNICIPAL SAO DOMINGOS,26127792,3304711000148,Adimplente,NAO,8120
2018,PDDE,NORDESTE,PE,RECIFE,PREF MUN DE RECIFE,'10565000000192,Adimplente,NAO,ESCOLA MUNICIPAL SAO FRANCISCO DE ASSIS,26125579,3146608000117,Adimplente,NAO,7040
2018,PDDE,NORDESTE,PE,RECIFE,PREF MUN DE RECIFE,'10565000000192,Adimplente,NAO,ESCOLA MUNICIPAL SAO JOAO BATISTA,26128748,2032909000157,Adimplente,NAO,11120
2018,PDDE,NORDESTE,PE,RECIFE,PREF MUN DE RECIFE,'10565000000192,Adimplente,NAO,ESCOLA MUNICIPAL SEDE DA SABEDORIA,26122014,2082909000161,Adimplente,NAO,12760
2018,PDDE,NORDESTE,PE,RECIFE,PREF MUN DE RECIFE,'10565000000192,Adimplente,NAO,ESCOLA MUNICIPAL SENADOR JOSE ERMIRIO DE MORAES,26119170,3146639000178,Bloqueio CODDE,NAO,10440
2018,PDDE,NORDESTE,PE,RECIFE,PREF MUN DE RECIFE,'10565000000192,Adimplente,NAO,ESCOLA MUNICIPAL SERRA DA PRATA,26167808,5369588000179,Adimplente,NAO,4120
2018,PDDE,NORDESTE,PE,RECIFE,PREF MUN DE RECIFE,'10565000000192,Adimplente,NAO,ESCOLA MUNICIPAL SERVICO SOCIAL DE BELEM,26122464,5643816000157,Adimplente,NAO,3280
2018,PDDE,NORDESTE,PE,RECIFE,PREF MUN DE RECIFE,'10565000000192,Adimplente,NAO,ESCOLA MUNICIPAL SEVERINA BERNADETE TEIXEIRA,26134067,3030577000134,Bloqueio CODDE,NAO,8320
2018,PDDE,NORDESTE,PE,RECIFE,PREF MUN DE RECIFE,'10565000000192,Adimplente,NAO,ESCOLA MUNICIPAL SEVERINA LIRA,26122308,5698424000195,Adimplente,NAO,7240
2018,PDDE,NORDESTE,PE,RECIFE,PREF MUN DE RECIFE,'10565000000192,Adimplente,NAO,ESCOLA MUNICIPAL SITIO DO BERARDO,26170710,7438207000191,Adimplente,NAO,4740
2018,PDDE,NORDESTE,PE,RECIFE,PREF MUN DE RECIFE,'10565000000192,Adimplente,NAO,ESCOLA MUNICIPAL SITIO DO CEU,26136269,2032917000101,Bloqueio CODDE,NAO,4200
2018,PDDE,NORDESTE,PE,RECIFE,PREF MUN DE RECIFE,'10565000000192,Adimplente,NAO,ESCOLA MUNICIPAL SOCIOLOGO GILBERTO FREYRE,26125692,2082904000139,Bloqueio CODDE,NAO,13900
2018,PDDE,NORDESTE,PE,RECIFE,PREF MUN DE RECIFE,'10565000000192,Adimplente,NAO,ESCOLA MUNICIPAL SOLDADO JOSE ANTONIO DO NASCIMENTO,26123304,23293875000124,Adimplente,NAO,3460
2018,PDDE,NORDESTE,PE,RECIFE,PREF MUN DE RECIFE,'10565000000192,Adimplente,NAO,ESCOLA MUNICIPAL TRES CARNEIROS,26119196,2018736000112,Bloqueio CODDE,NAO,7520
2018,PDDE,NORDESTE,PE,RECIFE,PREF MUN DE RECIFE,'10565000000192,Adimplente,NAO,ESCOLA MUNICIPAL UR 05,26167840,5698716000128,Adimplente,NAO,5300
2018,PDDE,NORDESTE,PE,RECIFE,PREF MUN DE RECIFE,'10565000000192,Adimplente,NAO,ESCOLA MUNICIPAL VILA OPERARIA DO RECIFE,26120283,3146645000125,Adimplente,NAO,7180
2018,PDDE,NORDESTE,PE,RECIFE,PREF MUN DE RECIFE,'10565000000192,Adimplente,NAO,ESCOLA MUNICIPAL VILA SANTA LUZIA,26153475,5727109000149,Adimplente,NAO,11340
2018,PDDE,NORDESTE,PE,RECIFE,PREF MUN DE RECIFE,'10565000000192,Adimplente,NAO,ESCOLA MUNICIPAL VILA SAO MIGUEL,26123126,2027097000151,Adimplente,NAO,9120
2018,PDDE,NORDESTE,PE,RECIFE,PREF MUN DE RECIFE,'10565000000192,Adimplente,NAO,ESCOLA MUNICIPAL VILA SESAMO,26121158,3030605000113,Adimplente,NAO,14860
2018,PDDE,NORDESTE,PE,RECIFE,PREF MUN DE RECIFE,'10565000000192,Adimplente,NAO,ESCOLA MUNICIPAL VIRGEM PODEROSA,26125811,2038931000104,Adimplente,NAO,9040
2018,PDDE,NORDESTE,PE,RECIFE,PREF MUN DE RECIFE,'10565000000192,Adimplente,NAO,ESCOLA MUNICIPAL WALDEMAR VALENTE,26124076,3030594000171,Bloqueio CODDE,NAO,7540
2018,PDDE,NORDESTE,PE,RECIFE,PREF MUN DE RECIFE,'10565000000192,Adimplente,NAO,ESCOLA MUNICIPAL ZUMBI DOS PALMARES,26119200,3030539000181,Adimplente,NAO,12520
2018,PDDE,NORDESTE,PE,RECIFE,SECRETARIA DE EDUCACAO E ESPORTES,'10572071000112,Adimplente,NAO,ESCOLA NOSSA SENHORA DA CONCEICAO,26124858,8106673000132,Adimplente,NAO,7200
2018,PDDE,NORDESTE,PE,RECIFE,SECRETARIA DE EDUCACAO E ESPORTES,'10572071000112,Adimplente,NAO,ESCOLA NOSSA SENHORA DE FATIMA - RN,26126443,3501932000106,Adimplente,NAO,7380
2018,PDDE,NORDESTE,PE,RECIFE,SECRETARIA DE EDUCACAO E ESPORTES,'10572071000112,Adimplente,NAO,ESCOLA NOSSA SENHORA DE FATIMA - RS,26122910,3732486000140,Adimplente,NAO,15220
2018,PDDE,NORDESTE,PE,RECIFE,SECRETARIA DE EDUCACAO E ESPORTES,'10572071000112,Adimplente,NAO,ESCOLA OLGA BENARIO PRESTES,26134177,11512937000162,Adimplente,NAO,7460
2018,PDDE,NORDESTE,PE,RECIFE,SECRETARIA DE EDUCACAO E ESPORTES,'10572071000112,Adimplente,NAO,ESCOLA OTHON BEZERRA DE MELO,26124777,3304754000123,Adimplente,NAO,9620
2018,PDDE,NORDESTE,PE,RECIFE,SECRETARIA DE EDUCACAO E ESPORTES,'10572071000112,Adimplente,NAO,ESCOLA PADRE DEHON,26127474,3362840000192,Adimplente,NAO,17500
2018,PDDE,NORDESTE,PE,RECIFE,SECRETARIA DE EDUCACAO E ESPORTES,'10572071000112,Adimplente,NAO,ESCOLA PADRE DONINO,26134350,3226318000183,Adimplente,NAO,7420
2018,PDDE,NORDESTE,PE,RECIFE,SECRETARIA DE EDUCACAO E ESPORTES,'10572071000112,Adimplente,NAO,ESCOLA PADRE JOAO BARBOSA,26126575,3240905000127,Adimplente,NAO,6720
2018,PDDE,NORDESTE,PE,RECIFE,SECRETARIA DE EDUCACAO E ESPORTES,'10572071000112,Adimplente,NAO,ESCOLA PADRE LEBRET,26124831,29553976000173,Adimplente,NAO,24640
2018,PDDE,NORDESTE,PE,RECIFE,SECRETARIA DE EDUCACAO E ESPORTES,'10572071000112,Adimplente,NAO,ESCOLA PAULO DE SOUZA LEAL,26123568,6352344000146,Adimplente,NAO,5420
2018,PDDE,NORDESTE,PE,RECIFE,SECRETARIA DE EDUCACAO E ESPORTES,'10572071000112,Adimplente,NAO,ESCOLA PEDRO CELSO,26128420,3223026000197,Adimplente,NAO,33120
2018,PDDE,NORDESTE,PE,RECIFE,SECRETARIA DE EDUCACAO E ESPORTES,'10572071000112,Adimplente,NAO,ESCOLA PINTOR LAURO VILLARES,26127423,3305136000106,Adimplente,NAO,18040
2018,PDDE,NORDESTE,PE,RECIFE,SECRETARIA DE EDUCACAO E ESPORTES,'10572071000112,Adimplente,NAO,ESCOLA POETA MANUEL BANDEIRA,26121670,3954595000102,Adimplente,NAO,18580
2018,PDDE,NORDESTE,PE,RECIFE,SECRETARIA DE EDUCACAO E ESPORTES,'10572071000112,Adimplente,NAO,ESCOLA PRESIDENTE ARTHUR DA COSTA E SILVA,26122880,3835041000196,Adimplente,NAO,11900
2018,PDDE,NORDESTE,PE,RECIFE,SECRETARIA DE EDUCACAO E ESPORTES,'10572071000112,Adimplente,NAO,ESCOLA PRESIDENTE HUMBERTO CASTELO BRANCO,26123576,7502618000107,Adimplente,NAO,17920
2018,PDDE,NORDESTE,PE,RECIFE,SECRETARIA DE EDUCACAO E ESPORTES,'10572071000112,Adimplente,NAO,ESCOLA PROFESSOR CANDIDO DUARTE,26127865,3402335000124,Adimplente,NAO,8660
2018,PDDE,NORDESTE,PE,RECIFE,SECRETARIA DE EDUCACAO E ESPORTES,'10572071000112,Adimplente,NAO,ESCOLA PROFESSOR JOEL PONTES,26134180,8469733000181,Adimplente,NAO,9140
2018,PDDE,NORDESTE,PE,RECIFE,SECRETARIA DE EDUCACAO E ESPORTES,'10572071000112,Adimplente,NAO,ESCOLA PROFESSOR JOSE DOS ANJOS,26128454,3208704000142,Adimplente,NAO,22720
2018,PDDE,NORDESTE,PE,RECIFE,SECRETARIA DE EDUCACAO E ESPORTES,'10572071000112,Adimplente,NAO,ESCOLA PROFESSOR JOSE VICENTE BARBOSA,26124807,3304807000106,Adimplente,NAO,20620
2018,PDDE,NORDESTE,PE,RECIFE,SECRETARIA DE EDUCACAO E ESPORTES,'10572071000112,Adimplente,NAO,ESCOLA PROFESSOR LEAL DE BARROS,26127431,4457476000107,Adimplente,NAO,22760
2018,PDDE,NORDESTE,PE,RECIFE,SECRETARIA DE EDUCACAO E ESPORTES,'10572071000112,Adimplente,NAO,ESCOLA PROFESSOR MARCOS DE BARROS FREIRE,26124424,4468875000173,Adimplente,NAO,15100
2018,PDDE,NORDESTE,PE,RECIFE,SECRETARIA DE EDUCACAO E ESPORTES,'10572071000112,Adimplente,NAO,ESCOLA PROFESSOR MOTTA E ALBUQUERQUE,26122260,3245528000119,Adimplente,NAO,18760
2018,PDDE,NORDESTE,PE,RECIFE,SECRETARIA DE EDUCACAO E ESPORTES,'10572071000112,Adimplente,NAO,ESCOLA PROFESSOR PEDRO AUGUSTO CARNEIRO LEAO,26128462,3363031000103,Adimplente,NAO,18900
2018,PDDE,NORDESTE,PE,RECIFE,SECRETARIA DE EDUCACAO E ESPORTES,'10572071000112,Adimplente,NAO,ESCOLA PROFESSORA FONTAINHA DE ABREU,26127539,5731077000155,Adimplente,NAO,10280
2018,PDDE,NORDESTE,PE,RECIFE,SECRETARIA DE EDUCACAO E ESPORTES,'10572071000112,Adimplente,NAO,ESCOLA PROFESSORA INALDA SPINELLI,26120100,4477510000105,Adimplente,NAO,21260
2018,PDDE,NORDESTE,PE,RECIFE,SECRETARIA DE EDUCACAO E ESPORTES,'10572071000112,Adimplente,NAO,ESCOLA PROFESSORA OLINDINA ALVES SEMENTE,26123584,3402330000100,Adimplente,NAO,12200
2018,PDDE,NORDESTE,PE,RECIFE,SECRETARIA DE EDUCACAO E ESPORTES,'10572071000112,Adimplente,NAO,ESCOLA REGUEIRA COSTA,26122278,3208099000100,Adimplente,NAO,11700
2018,PDDE,NORDESTE,PE,RECIFE,SECRETARIA DE EDUCACAO E ESPORTES,'10572071000112,Adimplente,NAO,ESCOLA ROBERTO SILVEIRA,26124912,10564844000119,Adimplente,NAO,9940
2018,PDDE,NORDESTE,PE,RECIFE,SECRETARIA DE EDUCACAO E ESPORTES,'10572071000112,Adimplente,NAO,ESCOLA ROSA DE MAGALHAES MELO,26126613,3225774000109,Adimplente,NAO,26220
2018,PDDE,NORDESTE,PE,RECIFE,SECRETARIA DE EDUCACAO E ESPORTES,'10572071000112,Adimplente,NAO,ESCOLA ROTARY DE NOVA DESCOBERTA,26126621,3817165000149,Adimplente,NAO,29160
2018,PDDE,NORDESTE,PE,RECIFE,SECRETARIA DE EDUCACAO E ESPORTES,'10572071000112,Adimplente,NAO,ESCOLA ROTARY DO ALTO DO PASCOAL,26128527,3299288000135,Adimplente,NAO,21280
2018,PDDE,NORDESTE,PE,RECIFE,SECRETARIA DE EDUCACAO E ESPORTES,'10572071000112,Adimplente,NAO,ESCOLA SAO FRANCISCO DE ASSIS - RN,26128560,3213765000106,Adimplente,NAO,14260
2018,PDDE,NORDESTE,PE,RECIFE,SECRETARIA DE EDUCACAO E ESPORTES,'10572071000112,Adimplente,NAO,ESCOLA SAO FRANCISCO DE ASSIS - RS,26124920,3304787000173,Adimplente,NAO,22340
2018,PDDE,NORDESTE,PE,RECIFE,SECRETARIA DE EDUCACAO E ESPORTES,'10572071000112,Adimplente,NAO,ESCOLA SAO JUDAS TADEU,26128586,3211918000178,Adimplente,NAO,23460
2018,PDDE,NORDESTE,PE,RECIFE,SECRETARIA DE EDUCACAO E ESPORTES,'10572071000112,Adimplente,NAO,ESCOLA SAO MIGUEL,26128594,3281148000130,Adimplente,NAO,17900
2018,PDDE,NORDESTE,PE,RECIFE,SECRETARIA DE EDUCACAO E ESPORTES,'10572071000112,Adimplente,NAO,ESCOLA SARGENTO CAMARGO,26124939,4290255000197,Adimplente,NAO,7420
2018,PDDE,NORDESTE,PE,RECIFE,SECRETARIA DE EDUCACAO E ESPORTES,'10572071000112,Adimplente,NAO,ESCOLA SENADOR ANTONIO FARIAS,26125293,3304673000123,Adimplente,NAO,9000
2018,PDDE,NORDESTE,PE,RECIFE,SECRETARIA DE EDUCACAO E ESPORTES,'10572071000112,Adimplente,NAO,ESCOLA SENADOR NILO DE SOUZA COELHO,26122952,3835053000110,Adimplente,NAO,12480
2018,PDDE,NORDESTE,PE,RECIFE,SECRETARIA DE EDUCACAO E ESPORTES,'10572071000112,Adimplente,NAO,ESCOLA SENADOR NOVAES FILHO,26127512,5859802000175,Adimplente,NAO,25420
2018,PDDE,NORDESTE,PE,RECIFE,SECRETARIA DE EDUCACAO E ESPORTES,'10572071000112,Adimplente,NAO,ESCOLA SYLVIO RABELO,26121948,8158283000106,Adimplente,NAO,13980
2018,PDDE,NORDESTE,PE,RECIFE,SECRETARIA DE EDUCACAO E ESPORTES,'10572071000112,Adimplente,NAO,ESCOLA TECNICA ESTADUAL ALMIRANTE SOARES DUTRA,26121816,4468791000130,Adimplente,NAO,9000
2018,PDDE,NORDESTE,PE,RECIFE,SECRETARIA DE EDUCACAO E ESPORTES,'10572071000112,Adimplente,NAO,ESCOLA TECNICA ESTADUAL CICERO DIAS,26178230,14252873000104,Adimplente,NAO,11000
2018,PDDE,NORDESTE,PE,RECIFE,SECRETARIA DE EDUCACAO E ESPORTES,'10572071000112,Adimplente,NAO,ESCOLA TECNICA ESTADUAL MIGUEL BATISTA,26183021,27445767000180,Adimplente,NAO,9760
2018,PDDE,NORDESTE,PE,RECIFE,SECRETARIA DE EDUCACAO E ESPORTES,'10572071000112,Adimplente,NAO,ESCOLA TECNICA ESTADUAL PROFESSOR AGAMENON MAGALHAES - ETEPA,26122685,8164938000159,Adimplente,NAO,10340
2018,PDDE,NORDESTE,PE,RECIFE,SECRETARIA DE EDUCACAO E ESPORTES,'10572071000112,Adimplente,NAO,ESCOLA TECNICA ESTADUAL PROFESSOR LUCILO AVILA PESSOA,26176238,19558989000181,Adimplente,NAO,10360
2018,PDDE,NORDESTE,PE,RECIFE,SECRETARIA DE EDUCACAO E ESPORTES,'10572071000112,Adimplente,NAO,ESCOLA TOME GIBSON,26126605,3220505000150,Adimplente,NAO,19180
2018,PDDE,NORDESTE,PE,RECIFE,SECRETARIA DE EDUCACAO E ESPORTES,'10572071000112,Adimplente,NAO,ESCOLA VIDAL DE NEGREIROS,26122960,8289807000106,Adimplente,NAO,21660
2018,PDDE,NORDESTE,PE,RECIFE,SECRETARIA DE EDUCACAO E ESPORTES,'10572071000112,Adimplente,NAO,ESCOLA VILA DOS MILAGRES,26124904,3811224000171,Adimplente,NAO,9300
